2017-05-10		19890.56	19938.53	19866.30	19900.09	
2017-05-09		19915.64	19917.45	19838.71	19843.00	
2017-05-08		19709.01	19929.48	19705.13	19895.70	
2017-05-02		19335.72	19464.30	19335.02	19445.70	
2017-05-01		19154.03	19311.21	19144.62	19310.52	
2017-04-28		19240.65	19264.57	19164.68	19196.74	
2017-04-27		19205.59	19281.70	19199.59	19251.87	
2017-04-26		19184.92	19289.43	19170.86	19289.43	
2017-04-25		18872.56	19109.76	18867.19	19079.33	
2017-04-24		18890.38	18910.33	18840.13	18875.88	
2017-04-21		18591.82	18648.28	18542.42	18620.75	
2017-04-20		18446.39	18523.40	18420.82	18430.49	
2017-04-19		18327.33	18467.73	18327.33	18432.20	
2017-04-18		18497.38	18547.46	18362.73	18418.59	
2017-04-17		18239.84	18361.44	18224.68	18355.26	
2017-04-14		18531.91	18531.91	18285.73	18335.63	
2017-04-13		18391.72	18455.25	18304.72	18426.84	
2017-04-12		18592.10	18602.50	18460.59	18552.61	
2017-04-11		18717.55	18767.70	18661.86	18747.87	
2017-04-10		18800.22	18850.80	18762.70	18797.88	
2017-04-07		18714.98	18785.73	18517.43	18664.63	
2017-04-06		18754.37	18797.44	18532.65	18597.06	
2017-04-05		18900.70	18941.94	18773.94	18861.27	
2017-04-04		18933.82	18947.33	18703.63	18810.25	
2017-04-03		18988.00	19068.62	18920.52	18983.23	
2017-03-31		19170.42	19210.92	18909.26	18909.26	
2017-03-30		19150.82	19218.08	19043.48	19063.22	
2017-03-29		19216.78	19251.30	19164.61	19217.48	
2017-03-28		19159.07	19203.64	19113.44	19202.87	
2017-03-27		19071.19	19086.89	18932.09	18985.59	
2017-03-24		19066.35	19296.05	19060.64	19262.53	
2017-03-23		19048.84	19105.11	18973.75	19085.31	
2017-03-22		19146.62	19183.27	19026.53	19041.38	
2017-03-21		19416.55	19485.14	19337.22	19455.88	
2017-03-17		19510.89	19547.51	19487.92	19521.59	
2017-03-16		19458.70	19618.99	19454.17	19590.14	
2017-03-15		19528.75	19581.53	19503.74	19577.38	
2017-03-14		19634.29	19637.55	19599.62	19609.50	
2017-03-13		19545.74	19656.48	19531.51	19633.75	
2017-03-10		19444.71	19623.72	19427.81	19604.61	
2017-03-09		19343.06	19350.20	19262.98	19318.58	
2017-03-08		19308.53	19326.40	19198.78	19254.03	
2017-03-07		19337.19	19375.09	19317.10	19344.15	
2017-03-06		19409.18	19411.54	19340.32	19379.14	
2017-03-03		19551.34	19587.79	19392.75	19469.17	
2017-03-02		19624.82	19668.01	19564.80	19564.80	
2017-03-01		19226.94	19414.55	19164.62	19393.54	
2017-02-28		19194.68	19267.99	19118.99	19118.99	
2017-02-27		19130.51	19178.99	18995.55	19107.47	
2017-02-24		19232.11	19381.10	19219.58	19283.54	
2017-02-23		19379.92	19379.92	19262.63	19371.46	
2017-02-22		19419.22	19419.22	19329.28	19379.87	
2017-02-21		19267.87	19395.35	19261.98	19381.44	
2017-02-20		19161.33	19274.75	19115.11	19251.08	
2017-02-17		19228.74	19275.39	19173.53	19234.62	
2017-02-16		19431.61	19431.61	19260.24	19347.53	
2017-02-15		19438.81	19495.62	19420.00	19437.98	
2017-02-14		19478.86	19501.01	19232.85	19238.98	
2017-02-13		19513.78	19519.44	19418.18	19459.15	
2017-02-10		19216.74	19395.99	19193.57	19378.93	
2017-02-09		18942.04	18991.23	18874.91	18907.67	
2017-02-08		18951.16	19009.24	18875.57	19007.60	
2017-02-07		18844.12	18970.58	18805.32	18910.78	
2017-02-06		19069.72	19075.57	18899.40	18976.71	
2017-02-03		18996.74	19061.26	18830.89	18918.20	
2017-02-02		19152.79	19170.63	18866.80	18914.58	
2017-02-01		18926.97	19155.79	18916.18	19148.08	
2017-01-31		19145.35	19199.75	19041.34	19041.34	
2017-01-30		19371.28	19390.97	19295.80	19368.85	
2017-01-27		19453.51	19486.68	19404.13	19467.40	
2017-01-26		19260.67	19405.23	19232.46	19402.39	
2017-01-25		19091.23	19133.18	18987.45	19057.50	
2017-01-24		18817.42	18915.70	18783.16	18787.99	
2017-01-23		18938.45	19024.21	18879.68	18891.03	
2017-01-20		19059.15	19176.86	19040.20	19137.91	
2017-01-19		19082.83	19122.39	18982.13	19072.25	
2017-01-18		18753.96	18941.24	18650.33	18894.37	
2017-01-17		19038.45	19043.91	18812.86	18813.53	
2017-01-16		19219.13	19255.41	19061.27	19095.24	
2017-01-13		19174.97	19299.36	19156.93	19287.28	
2017-01-12		19300.19	19300.19	19069.02	19134.70	
2017-01-11		19358.64	19402.17	19325.46	19364.67	
2017-01-10		19414.83	19484.90	19255.35	19301.44	
2017-01-06		19393.55	19472.37	19354.44	19454.33	
2017-01-05		19602.10	19615.40	19473.28	19520.69	
2017-01-04		19298.68	19594.16	19277.93	19594.16	
2016-12-30		18997.68	19176.81	18991.59	19114.37	
2016-12-29		19301.04	19301.04	19092.22	19145.14	
2016-12-28		19392.11	19442.13	19364.73	19401.72	
2016-12-27		19353.43	19478.58	19352.06	19403.06	
2016-12-26		19394.41	19432.48	19385.94	19396.64	
2016-12-22		19396.85	19427.67	19327.51	19427.67	
2016-12-21		19547.28	19592.90	19375.19	19444.49	
2016-12-20		19367.84	19511.20	19356.81	19494.53	
2016-12-19		19345.84	19399.26	19307.14	19391.60	
2016-12-16		19438.39	19439.97	19360.36	19401.15	
2016-12-15		19327.70	19436.90	19192.60	19273.79	
2016-12-14		19270.01	19284.28	19184.75	19253.61	
2016-12-13		19120.76	19253.51	19060.72	19250.52	
2016-12-12		19183.82	19280.93	19054.00	19155.03	
2016-12-09		18839.98	19042.48	18821.41	18996.37	
2016-12-08		18674.19	18765.47	18614.01	18765.47	
2016-12-07		18434.54	18502.47	18410.88	18496.69	
2016-12-06		18457.20	18484.80	18318.99	18360.54	
2016-12-05		18349.92	18365.74	18227.39	18274.99	
2016-12-02		18435.55	18469.68	18315.38	18426.08	
2016-12-01		18535.24	18746.28	18469.27	18513.12	
2016-11-30		18356.03	18370.31	18280.66	18308.48	
2016-11-29		18263.63	18327.51	18258.82	18307.04	
2016-11-28		18302.58	18374.93	18222.82	18356.89	
2016-11-25		18387.59	18482.94	18288.50	18381.22	
2016-11-24		18329.78	18382.72	18310.31	18333.41	
2016-11-22		18091.05	18175.63	18050.55	18162.94	
2016-11-21		18038.09	18129.03	18007.79	18106.02	
2016-11-18		18024.21	18043.72	17967.41	17967.41	
2016-11-17		17766.61	17884.06	17764.08	17862.63	
2016-11-16		17832.51	17886.44	17807.47	17862.21	
2016-11-15		17690.22	17727.58	17605.77	17668.15	
2016-11-14		17467.49	17697.33	17455.78	17672.62	
2016-11-11		17526.61	17621.73	17333.49	17374.79	
2016-11-10		16562.86	17393.82	16560.66	17344.42	
2016-11-09		17281.95	17427.71	16111.81	16251.54	
2016-11-08		17242.70	17247.04	17130.83	17171.38	
2016-11-07		17126.03	17186.89	17056.84	17177.21	
2016-11-04		16964.50	16996.09	16801.98	16905.36	
2016-11-02		17238.00	17283.60	17080.59	17134.68	
2016-11-01		17380.54	17473.12	17339.64	17442.40	
2016-10-31		17360.89	17433.13	17327.62	17425.02	
2016-10-28		17448.25	17461.03	17406.72	17446.41	
2016-10-27		17346.39	17414.21	17278.12	17336.42	
2016-10-26		17329.03	17391.84	17295.46	17391.84	
2016-10-25		17298.63	17381.80	17298.63	17365.25	
2016-10-24		17216.56	17244.74	17162.21	17234.42	
2016-10-21		17283.75	17288.89	17151.98	17184.59	
2016-10-20		16999.36	17235.50	16992.14	17235.50	
2016-10-19		16952.91	17016.66	16938.46	16998.91	
2016-10-18		16862.31	16966.90	16844.17	16963.61	
2016-10-17		16871.84	16954.44	16821.49	16900.12	
2016-10-14		16751.04	16866.56	16727.78	16856.37	
2016-10-13		16923.82	16974.25	16739.73	16774.24	
2016-10-12		16850.73	16951.54	16839.41	16840.00	
2016-10-11		16936.31	17074.46	16931.12	17024.76	
2016-10-07		16883.12	16895.13	16820.21	16860.09	
2016-10-06		16913.60	16971.28	16888.77	16899.10	
2016-10-05		16787.89	16844.35	16728.19	16819.24	
2016-10-04		16661.51	16747.20	16637.82	16735.65	
2016-10-03		16566.03	16652.16	16554.83	16598.67	
2016-09-30		16474.45	16497.55	16407.78	16449.84	
2016-09-29		16606.30	16756.43	16584.14	16693.71	
2016-09-28		16504.99	16515.84	16385.03	16465.40	
2016-09-27		16390.91	16683.93	16285.41	16683.93	
2016-09-26		16707.45	16707.45	16514.93	16544.56	
2016-09-23		16759.84	16808.59	16725.53	16754.02	
2016-09-21		16471.85	16823.63	16399.65	16807.62	
2016-09-20		16403.22	16591.70	16403.22	16492.15	
2016-09-16		16458.74	16532.84	16415.86	16519.29	
2016-09-15		16512.42	16528.02	16359.78	16405.01	
2016-09-14		16632.06	16706.61	16585.80	16614.24	
2016-09-13		16764.65	16787.06	16658.40	16729.04	
2016-09-12		16748.36	16802.00	16601.54	16672.92	
2016-09-09		16994.37	17029.78	16902.09	16965.76	
2016-09-08		16984.00	17001.84	16836.65	16958.77	
2016-09-07		16937.38	17024.26	16903.20	17012.44	
2016-09-06		17035.03	17097.59	17022.64	17081.98	
2016-09-05		17131.52	17156.36	17009.21	17037.63	
2016-09-02		16903.78	16946.49	16848.12	16925.68	
2016-09-01		16885.16	16941.18	16864.56	16926.84	
2016-08-31		16857.83	16917.86	16836.96	16887.40	
2016-08-30		16690.98	16752.16	16677.85	16725.36	
2016-08-29		16631.06	16764.64	16616.65	16737.49	
2016-08-26		16485.55	16490.53	16320.43	16360.71	
2016-08-25		16580.15	16628.79	16520.84	16555.95	
2016-08-24		16550.21	16648.07	16544.39	16597.30	
2016-08-23		16549.82	16663.64	16452.01	16497.36	
2016-08-22		16599.26	16631.23	16540.94	16598.19	
2016-08-19		16558.38	16613.04	16452.62	16545.82	
2016-08-18		16649.91	16714.61	16481.41	16486.01	
2016-08-17		16596.26	16772.11	16596.26	16745.64	
2016-08-16		16878.66	16887.57	16596.51	16596.51	
2016-08-15		16866.89	16932.11	16844.58	16869.56	
2016-08-12		16877.18	16943.67	16818.43	16919.92	
2016-08-10		16699.08	16822.86	16657.59	16735.12	
2016-08-09		16632.41	16779.59	16630.56	16764.97	
2016-08-08		16462.29	16652.04	16455.57	16650.57	
2016-08-05		16278.99	16355.98	16230.70	16254.45	
2016-08-04		16168.34	16270.12	15921.04	16254.89	
2016-08-03		16227.28	16275.34	16056.67	16083.11	
2016-08-02		16469.68	16541.88	16391.45	16391.45	
2016-08-01		16415.31	16677.49	16319.15	16635.77	
2016-07-29		16359.68	16679.19	16174.35	16569.27	
2016-07-28		16596.15	16616.28	16450.28	16476.84	
2016-07-27		16526.06	16821.43	16526.06	16664.82	
2016-07-26		16535.81	16535.81	16323.10	16383.04	
2016-07-25		16655.81	16778.65	16612.33	16620.29	
2016-07-22		16612.90	16691.81	16566.98	16627.25	
2016-07-21		16855.18	16938.96	16740.00	16810.22	
2016-07-20		16646.92	16692.84	16554.03	16681.89	
2016-07-19		16612.09	16726.71	16514.66	16723.31	
2016-07-15		16396.12	16607.32	16396.12	16497.85	
2016-07-14		16242.20	16398.73	16229.26	16385.89	
2016-07-13		16343.00	16444.25	16196.44	16231.43	
2016-07-12		15961.30	16237.62	15956.91	16095.65	
2016-07-11		15375.94	15816.67	15375.94	15708.82	
2016-07-08		15326.84	15399.70	15106.52	15106.98	
2016-07-07		15346.81	15418.90	15241.91	15276.24	
2016-07-06		15434.46	15434.46	15167.98	15378.99	
2016-07-05		15682.16	15702.04	15602.73	15669.33	
2016-07-04		15554.04	15805.31	15553.92	15775.80	
2016-07-01		15698.02	15765.00	15635.57	15682.48	
2016-06-30		15752.71	15781.69	15575.92	15575.92	
2016-06-29		15523.35	15626.66	15398.31	15566.83	
2016-06-28		15094.71	15443.82	14987.79	15323.14	
2016-06-27		15153.08	15323.95	15061.66	15309.21	
2016-06-24		16333.87	16389.17	14864.01	14952.02	
2016-06-23		16098.61	16263.87	16057.86	16238.35	
2016-06-22		16095.81	16160.99	15980.65	16065.72	
2016-06-21		15875.81	16202.30	15770.96	16169.11	
2016-06-20		15839.06	16035.44	15835.86	15965.30	
2016-06-17		15631.79	15774.87	15582.94	15599.66	
2016-06-16		15871.22	15913.08	15395.98	15434.14	
2016-06-15		15799.07	15997.30	15752.01	15919.58	
2016-06-14		16001.19	16082.50	15762.09	15859.00	
2016-06-13		16319.11	16335.38	16019.18	16019.18	
2016-06-10		16637.51	16643.36	16496.11	16601.36	
2016-06-09		16742.03	16785.83	16587.77	16668.41	
2016-06-08		16722.49	16830.92	16581.71	16830.92	
2016-06-07		16651.05	16701.01	16536.23	16675.45	
2016-06-06		16373.32	16581.30	16322.64	16580.03	
2016-06-03		16599.51	16716.14	16554.60	16642.23	
2016-06-02		16817.26	16819.85	16525.47	16562.55	
2016-06-01		17097.22	17145.95	16908.92	16955.73	
2016-05-31		17029.46	17251.36	16988.64	17234.98	
2016-05-30		16973.72	17068.02	16910.19	17068.02	
2016-05-27		16830.50	16901.09	16792.73	16834.84	
2016-05-26		16927.69	16957.56	16743.17	16772.46	
2016-05-25		16764.35	16806.03	16731.12	16757.35	
2016-05-24		16605.04	16605.04	16471.37	16498.76	
2016-05-23		16671.28	16691.50	16417.84	16654.60	
2016-05-20		16594.99	16770.87	16548.34	16736.35	
2016-05-19		16807.46	16841.04	16590.16	16646.66	
2016-05-18		16611.40	16795.47	16513.17	16644.69	
2016-05-17		16618.95	16655.89	16509.31	16652.80	
2016-05-16		16391.92	16632.62	16391.92	16466.40	
2016-05-13		16804.17	16804.17	16400.87	16412.21	
2016-05-12		16459.69	16658.07	16374.59	16646.34	
2016-05-11		16736.72	16814.64	16536.61	16579.01	
2016-05-10		16307.50	16587.63	16229.15	16565.19	
2016-05-09		16226.57	16292.86	16159.31	16216.03	
2016-05-06		16212.67	16271.61	15989.35	16106.72	
2016-05-02		16357.10	16357.10	15975.47	16147.38	
2016-12-30		18997.68	19176.81	18991.59	19114.37	
2016-12-29		19301.04	19301.04	19092.22	19145.14	
2016-12-28		19392.11	19442.13	19364.73	19401.72	
2016-12-27		19353.43	19478.58	19352.06	19403.06	
2016-12-26		19394.41	19432.48	19385.94	19396.64	
2016-12-22		19396.85	19427.67	19327.51	19427.67	
2016-12-21		19547.28	19592.90	19375.19	19444.49	
2016-12-20		19367.84	19511.20	19356.81	19494.53	
2016-12-19		19345.84	19399.26	19307.14	19391.60	
2016-12-16		19438.39	19439.97	19360.36	19401.15	
2016-12-15		19327.70	19436.90	19192.60	19273.79	
2016-12-14		19270.01	19284.28	19184.75	19253.61	
2016-12-13		19120.76	19253.51	19060.72	19250.52	
2016-12-12		19183.82	19280.93	19054.00	19155.03	
2016-12-09		18839.98	19042.48	18821.41	18996.37	
2016-12-08		18674.19	18765.47	18614.01	18765.47	
2016-12-07		18434.54	18502.47	18410.88	18496.69	
2016-12-06		18457.20	18484.80	18318.99	18360.54	
2016-12-05		18349.92	18365.74	18227.39	18274.99	
2016-12-02		18435.55	18469.68	18315.38	18426.08	
2016-12-01		18535.24	18746.28	18469.27	18513.12	
2016-11-30		18356.03	18370.31	18280.66	18308.48	
2016-11-29		18263.63	18327.51	18258.82	18307.04	
2016-11-28		18302.58	18374.93	18222.82	18356.89	
2016-11-25		18387.59	18482.94	18288.50	18381.22	
2016-11-24		18329.78	18382.72	18310.31	18333.41	
2016-11-22		18091.05	18175.63	18050.55	18162.94	
2016-11-21		18038.09	18129.03	18007.79	18106.02	
2016-11-18		18024.21	18043.72	17967.41	17967.41	
2016-11-17		17766.61	17884.06	17764.08	17862.63	
2016-11-16		17832.51	17886.44	17807.47	17862.21	
2016-11-15		17690.22	17727.58	17605.77	17668.15	
2016-11-14		17467.49	17697.33	17455.78	17672.62	
2016-11-11		17526.61	17621.73	17333.49	17374.79	
2016-11-10		16562.86	17393.82	16560.66	17344.42	
2016-11-09		17281.95	17427.71	16111.81	16251.54	
2016-11-08		17242.70	17247.04	17130.83	17171.38	
2016-11-07		17126.03	17186.89	17056.84	17177.21	
2016-11-04		16964.50	16996.09	16801.98	16905.36	
2016-11-02		17238.00	17283.60	17080.59	17134.68	
2016-11-01		17380.54	17473.12	17339.64	17442.40	
2016-10-31		17360.89	17433.13	17327.62	17425.02	
2016-10-28		17448.25	17461.03	17406.72	17446.41	
2016-10-27		17346.39	17414.21	17278.12	17336.42	
2016-10-26		17329.03	17391.84	17295.46	17391.84	
2016-10-25		17298.63	17381.80	17298.63	17365.25	
2016-10-24		17216.56	17244.74	17162.21	17234.42	
2016-10-21		17283.75	17288.89	17151.98	17184.59	
2016-10-20		16999.36	17235.50	16992.14	17235.50	
2016-10-19		16952.91	17016.66	16938.46	16998.91	
2016-10-18		16862.31	16966.90	16844.17	16963.61	
2016-10-17		16871.84	16954.44	16821.49	16900.12	
2016-10-14		16751.04	16866.56	16727.78	16856.37	
2016-10-13		16923.82	16974.25	16739.73	16774.24	
2016-10-12		16850.73	16951.54	16839.41	16840.00	
2016-10-11		16936.31	17074.46	16931.12	17024.76	
2016-10-07		16883.12	16895.13	16820.21	16860.09	
2016-10-06		16913.60	16971.28	16888.77	16899.10	
2016-10-05		16787.89	16844.35	16728.19	16819.24	
2016-10-04		16661.51	16747.20	16637.82	16735.65	
2016-10-03		16566.03	16652.16	16554.83	16598.67	
2016-09-30		16474.45	16497.55	16407.78	16449.84	
2016-09-29		16606.30	16756.43	16584.14	16693.71	
2016-09-28		16504.99	16515.84	16385.03	16465.40	
2016-09-27		16390.91	16683.93	16285.41	16683.93	
2016-09-26		16707.45	16707.45	16514.93	16544.56	
2016-09-23		16759.84	16808.59	16725.53	16754.02	
2016-09-21		16471.85	16823.63	16399.65	16807.62	
2016-09-20		16403.22	16591.70	16403.22	16492.15	
2016-09-16		16458.74	16532.84	16415.86	16519.29	
2016-09-15		16512.42	16528.02	16359.78	16405.01	
2016-09-14		16632.06	16706.61	16585.80	16614.24	
2016-09-13		16764.65	16787.06	16658.40	16729.04	
2016-09-12		16748.36	16802.00	16601.54	16672.92	
2016-09-09		16994.37	17029.78	16902.09	16965.76	
2016-09-08		16984.00	17001.84	16836.65	16958.77	
2016-09-07		16937.38	17024.26	16903.20	17012.44	
2016-09-06		17035.03	17097.59	17022.64	17081.98	
2016-09-05		17131.52	17156.36	17009.21	17037.63	
2016-09-02		16903.78	16946.49	16848.12	16925.68	
2016-09-01		16885.16	16941.18	16864.56	16926.84	
2016-08-31		16857.83	16917.86	16836.96	16887.40	
2016-08-30		16690.98	16752.16	16677.85	16725.36	
2016-08-29		16631.06	16764.64	16616.65	16737.49	
2016-08-26		16485.55	16490.53	16320.43	16360.71	
2016-08-25		16580.15	16628.79	16520.84	16555.95	
2016-08-24		16550.21	16648.07	16544.39	16597.30	
2016-08-23		16549.82	16663.64	16452.01	16497.36	
2016-08-22		16599.26	16631.23	16540.94	16598.19	
2016-08-19		16558.38	16613.04	16452.62	16545.82	
2016-08-18		16649.91	16714.61	16481.41	16486.01	
2016-08-17		16596.26	16772.11	16596.26	16745.64	
2016-08-16		16878.66	16887.57	16596.51	16596.51	
2016-08-15		16866.89	16932.11	16844.58	16869.56	
2016-08-12		16877.18	16943.67	16818.43	16919.92	
2016-08-10		16699.08	16822.86	16657.59	16735.12	
2016-08-09		16632.41	16779.59	16630.56	16764.97	
2016-08-08		16462.29	16652.04	16455.57	16650.57	
2016-08-05		16278.99	16355.98	16230.70	16254.45	
2016-08-04		16168.34	16270.12	15921.04	16254.89	
2016-08-03		16227.28	16275.34	16056.67	16083.11	
2016-08-02		16469.68	16541.88	16391.45	16391.45	
2016-08-01		16415.31	16677.49	16319.15	16635.77	
2016-07-29		16359.68	16679.19	16174.35	16569.27	
2016-07-28		16596.15	16616.28	16450.28	16476.84	
2016-07-27		16526.06	16821.43	16526.06	16664.82	
2016-07-26		16535.81	16535.81	16323.10	16383.04	
2016-07-25		16655.81	16778.65	16612.33	16620.29	
2016-07-22		16612.90	16691.81	16566.98	16627.25	
2016-07-21		16855.18	16938.96	16740.00	16810.22	
2016-07-20		16646.92	16692.84	16554.03	16681.89	
2016-07-19		16612.09	16726.71	16514.66	16723.31	
2016-07-15		16396.12	16607.32	16396.12	16497.85	
2016-07-14		16242.20	16398.73	16229.26	16385.89	
2016-07-13		16343.00	16444.25	16196.44	16231.43	
2016-07-12		15961.30	16237.62	15956.91	16095.65	
2016-07-11		15375.94	15816.67	15375.94	15708.82	
2016-07-08		15326.84	15399.70	15106.52	15106.98	
2016-07-07		15346.81	15418.90	15241.91	15276.24	
2016-07-06		15434.46	15434.46	15167.98	15378.99	
2016-07-05		15682.16	15702.04	15602.73	15669.33	
2016-07-04		15554.04	15805.31	15553.92	15775.80	
2016-07-01		15698.02	15765.00	15635.57	15682.48	
2016-06-30		15752.71	15781.69	15575.92	15575.92	
2016-06-29		15523.35	15626.66	15398.31	15566.83	
2016-06-28		15094.71	15443.82	14987.79	15323.14	
2016-06-27		15153.08	15323.95	15061.66	15309.21	
2016-06-24		16333.87	16389.17	14864.01	14952.02	
2016-06-23		16098.61	16263.87	16057.86	16238.35	
2016-06-22		16095.81	16160.99	15980.65	16065.72	
2016-06-21		15875.81	16202.30	15770.96	16169.11	
2016-06-20		15839.06	16035.44	15835.86	15965.30	
2016-06-17		15631.79	15774.87	15582.94	15599.66	
2016-06-16		15871.22	15913.08	15395.98	15434.14	
2016-06-15		15799.07	15997.30	15752.01	15919.58	
2016-06-14		16001.19	16082.50	15762.09	15859.00	
2016-06-13		16319.11	16335.38	16019.18	16019.18	
2016-06-10		16637.51	16643.36	16496.11	16601.36	
2016-06-09		16742.03	16785.83	16587.77	16668.41	
2016-06-08		16722.49	16830.92	16581.71	16830.92	
2016-06-07		16651.05	16701.01	16536.23	16675.45	
2016-06-06		16373.32	16581.30	16322.64	16580.03	
2016-06-03		16599.51	16716.14	16554.60	16642.23	
2016-06-02		16817.26	16819.85	16525.47	16562.55	
2016-06-01		17097.22	17145.95	16908.92	16955.73	
2016-05-31		17029.46	17251.36	16988.64	17234.98	
2016-05-30		16973.72	17068.02	16910.19	17068.02	
2016-05-27		16830.50	16901.09	16792.73	16834.84	
2016-05-26		16927.69	16957.56	16743.17	16772.46	
2016-05-25		16764.35	16806.03	16731.12	16757.35	
2016-05-24		16605.04	16605.04	16471.37	16498.76	
2016-05-23		16671.28	16691.50	16417.84	16654.60	
2016-05-20		16594.99	16770.87	16548.34	16736.35	
2016-05-19		16807.46	16841.04	16590.16	16646.66	
2016-05-18		16611.40	16795.47	16513.17	16644.69	
2016-05-17		16618.95	16655.89	16509.31	16652.80	
2016-05-16		16391.92	16632.62	16391.92	16466.40	
2016-05-13		16804.17	16804.17	16400.87	16412.21	
2016-05-12		16459.69	16658.07	16374.59	16646.34	
2016-05-11		16736.72	16814.64	16536.61	16579.01	
2016-05-10		16307.50	16587.63	16229.15	16565.19	
2016-05-09		16226.57	16292.86	16159.31	16216.03	
2016-05-06		16212.67	16271.61	15989.35	16106.72	
2016-05-02		16357.10	16357.10	15975.47	16147.38	
2016-04-28		17438.99	17572.27	16652.74	16666.05	
2016-04-27		17369.68	17417.54	17230.23	17290.49	
2016-04-26		17358.56	17426.02	17200.50	17353.28	
2016-04-25		17613.56	17613.56	17403.87	17439.30	
2016-04-22		17220.47	17572.49	17192.39	17572.49	
2016-04-21		17187.27	17381.70	17144.53	17363.62	
2016-04-20		17053.83	17099.36	16870.73	16906.54	
2016-04-19		16582.66	16900.33	16570.50	16874.44	
2016-04-18		16521.25	16526.90	16254.20	16275.95	
2016-04-15		16720.39	16928.67	16720.39	16848.03	
2016-04-14		16629.83	16911.05	16602.17	16911.05	
2016-04-13		16142.71	16405.59	16132.23	16381.22	
2016-04-12		15719.24	15963.03	15693.61	15928.79	
2016-04-11		15761.57	15778.74	15525.49	15751.13	
2016-04-08		15597.04	16027.63	15471.80	15821.52	
2016-04-07		15739.26	15871.10	15636.21	15749.84	
2016-04-06		15727.70	15828.61	15612.91	15715.36	
2016-04-05		16044.23	16066.18	15698.55	15732.82	
2016-04-04		16087.76	16238.51	16029.50	16123.27	
2016-04-01		16719.56	16719.56	16113.01	16164.16	
2016-03-31		16997.14	17033.65	16758.67	16758.67	
2016-03-30		17078.03	17078.03	16875.91	16878.96	
2016-03-29		16985.28	17137.20	16948.43	17103.53	
2016-03-28		17129.27	17167.88	16961.41	17134.37	
2016-03-25		16949.53	17026.14	16889.40	17002.75	
2016-03-24		16979.39	17041.16	16843.99	16892.33	
2016-03-23		17066.27	17142.08	16964.31	17000.98	
2016-03-22		16937.31	17107.80	16851.21	17048.55	
2016-03-18		16883.75	16920.91	16613.69	16724.81	
2016-03-17		17107.60	17253.03	16814.84	16936.38	
2016-03-16		16981.36	17102.45	16950.84	16974.45	
2016-03-15		17219.89	17279.30	17042.56	17117.07	
2016-03-14		17155.52	17291.35	17149.21	17233.75	
2016-03-11		16610.18	17015.30	16575.75	16938.87	
2016-03-10		16811.00	16887.60	16713.13	16852.35	
2016-03-09		16625.59	16706.25	16494.80	16642.20	
2016-03-08		16889.48	16909.79	16570.22	16783.15	
2016-03-07		17024.64	17026.25	16894.58	16911.32	
2016-03-04		16927.36	17042.92	16861.38	17014.78	
2016-03-03		16695.78	16962.95	16691.94	16960.16	
2016-03-02		16391.48	16815.25	16388.92	16746.55	
2016-03-01		16013.00	16099.42	15857.37	16085.51	
2016-02-29		16313.31	16464.75	16026.76	16026.76	
2016-02-26		16311.52	16472.50	16188.41	16188.41	
2016-02-25		15983.47	16218.29	15953.93	16140.34	
2016-02-24		15851.13	16006.45	15753.77	15915.79	
2016-02-23		16230.38	16350.38	16001.19	16052.05	
2016-02-22		15851.39	16187.40	15816.83	16111.05	
2016-02-19		16050.40	16050.46	15799.35	15967.17	
2016-02-18		16138.08	16337.59	16118.80	16196.80	
2016-02-17		16035.35	16214.46	15632.12	15836.36	
2016-02-16		15849.47	16341.56	15809.58	16054.43	
2016-02-15		15248.38	16155.10	15243.88	16022.58	
2016-02-12		15426.27	15437.22	14865.77	14952.61	
2016-02-10		16127.86	16163.03	15429.99	15713.39	
2016-02-09		16666.79	16668.70	16025.94	16085.44	
2016-02-08		16620.91	17099.01	16552.30	17004.30	
2016-02-05		16790.53	16893.12	16627.80	16819.59	
2016-02-04		17071.11	17209.56	16941.88	17044.99	
2016-02-03		17497.41	17515.68	17080.57	17191.25	
2016-02-02		17716.52	17864.70	17684.66	17750.68	
2016-02-01		17699.60	17905.37	17666.48	17865.23	
2016-01-29		17155.06	17638.93	16767.09	17518.30	
2016-01-28		17059.84	17235.44	16942.13	17041.45	
2016-01-27		16949.19	17242.27	16947.95	17163.92	
2016-01-26		16833.13	16839.52	16652.26	16708.90	
2016-01-25		17145.81	17208.24	16922.21	17110.91	
2016-01-22		16336.72	16993.96	16332.45	16958.53	
2016-01-21		16466.86	16734.58	16017.26	16017.26	
2016-01-20		17030.28	17031.32	16387.61	16416.19	
2016-01-19		16902.29	17088.31	16812.65	17048.37	
2016-01-18		16826.93	17037.26	16665.05	16955.57	
2016-01-15		17522.46	17597.87	17057.60	17147.11	
2016-01-14		17384.93	17393.83	16944.41	17240.95	
2016-01-13		17449.12	17717.75	17414.55	17715.63	
2016-01-12		17470.93	17546.57	17184.78	17218.96	
2016-01-08		17562.23	17975.31	17509.64	17697.96	
2016-01-07		18139.77	18172.04	17767.34	17767.34	
2016-01-06		18410.57	18469.38	18064.30	18191.32	
2016-01-05		18398.76	18547.38	18327.52	18374.00	
2016-01-04		18818.58	18951.12	18394.43	18450.98	
2015-12-30		19070.83	19113.18	19017.27	19033.71	
2015-12-29		18843.39	18991.01	18783.36	18982.23	
2015-12-28		18838.91	18922.90	18764.54	18873.35	
2015-12-25		18823.91	18870.70	18744.44	18769.06	
2015-12-24		19071.41	19071.41	18780.94	18789.69	
2015-12-22		18927.86	18943.46	18824.65	18886.70	
2015-12-21		18845.50	18979.83	18651.13	18916.02	
2015-12-18		19320.46	19869.08	18982.25	18986.80	
2015-12-17		19364.57	19507.17	19325.15	19353.56	
2015-12-16		18868.20	19054.89	18859.11	19049.91	
2015-12-15		18869.04	18897.87	18562.51	18565.90	
2015-12-14		18887.09	18911.78	18611.09	18883.42	
2015-12-11		19020.75	19282.21	19020.75	19230.48	
2015-12-10		19070.02	19125.06	19025.78	19046.55	
2015-12-09		19391.50	19475.40	19260.12	19301.07	
2015-12-08		19689.87	19764.21	19475.28	19492.60	
2015-12-07		19710.39	19811.51	19677.21	19698.15	
2015-12-04		19616.52	19660.90	19444.54	19504.48	
2015-12-03		19894.63	19967.88	19862.74	19939.90	
2015-12-02		19957.50	20002.12	19926.22	19938.13	
2015-12-01		19799.08	20012.40	19797.55	20012.40	
2015-11-30		19857.38	19867.95	19707.67	19747.47	
2015-11-27		19994.05	19994.05	19831.25	19883.94	
2015-11-26		19929.97	19992.44	19926.10	19944.41	
2015-11-25		19856.84	19871.75	19786.53	19847.58	
2015-11-24		19875.99	19954.00	19834.76	19924.89	
2015-11-20		19800.20	19879.81	19715.74	19879.81	
2015-11-19		19851.24	19959.06	19761.56	19859.81	
2015-11-18		19771.86	19840.00	19643.97	19649.18	
2015-11-17		19641.67	19726.01	19628.84	19630.63	
2015-11-16		19263.96	19451.09	19252.04	19393.69	
2015-11-13		19495.26	19601.49	19388.91	19596.91	
2015-11-12		19644.65	19725.83	19597.99	19697.77	
2015-11-11		19602.01	19724.12	19602.01	19691.39	
2015-11-10		19457.05	19674.05	19457.05	19671.26	
2015-11-09		19411.51	19684.41	19389.74	19642.74	
2015-11-06		19194.34	19294.15	19164.86	19265.60	
2015-11-05		19029.44	19167.09	18995.96	19116.41	
2015-11-04		18941.32	19151.89	18926.91	18926.91	
2015-11-02		18827.11	18861.11	18641.22	18683.24	
2015-10-30		18924.31	19202.34	18784.69	19083.10	
2015-10-29		19046.16	19080.89	18809.48	18935.71	
2015-10-28		18826.94	18925.51	18815.12	18903.02	
2015-10-27		18961.16	18964.99	18760.79	18777.04	
2015-10-26		19036.13	19088.76	18937.45	18947.12	
2015-10-23		18762.65	18915.64	18746.61	18825.30	
2015-10-22		18443.69	18579.14	18376.01	18435.87	
2015-10-21		18167.64	18605.41	18167.64	18554.28	
2015-10-20		18245.54	18253.13	18147.98	18207.15	
2015-10-19		18282.78	18314.09	18078.43	18131.23	
2015-10-16		18300.83	18397.52	18238.78	18291.80	
2015-10-15		17804.91	18170.67	17758.12	18096.90	
2015-10-14		18106.66	18126.39	17831.53	17891.00	
2015-10-13		18335.15	18359.71	18223.80	18234.74	
2015-10-09		18281.51	18438.67	18184.96	18438.67	
2015-10-08		18310.62	18400.69	18121.68	18141.17	
2015-10-07		18168.20	18379.23	18043.08	18322.98	
2015-10-06		18302.41	18372.72	18094.85	18186.10	
2015-10-05		17921.00	18079.46	17869.74	18005.49	
2015-10-02		17564.39	17775.77	17537.85	17725.13	
2015-10-01		17479.97	17831.58	17389.57	17722.42	
2015-09-30		17193.84	17460.97	17179.40	17388.15	
2015-09-29		17359.38	17366.95	16901.49	16930.84	
2015-09-28		17811.12	17886.49	17562.60	17645.11	
2015-09-25		17618.30	17880.51	17483.69	17880.51	
2015-09-24		17803.41	17865.84	17571.83	17571.83	
2015-09-18		18275.48	18295.90	18069.50	18070.21	
2015-09-17		18361.99	18468.20	18289.63	18432.27	
2015-09-16		18238.15	18291.97	18094.99	18171.60	
2015-09-15		18082.72	18329.57	17995.98	18026.48	
2015-09-14		18341.01	18344.07	17925.09	17965.70	
2015-09-11		18155.71	18362.99	18124.35	18264.22	
2015-09-10		18418.64	18420.56	17956.15	18299.62	
2015-09-09		17758.13	18770.51	17756.76	18770.51	
2015-09-08		17941.91	17962.56	17415.61	17427.08	
2015-09-07		17674.82	18013.64	17478.72	17860.47	
2015-09-04		18312.13	18312.13	17608.17	17792.16	
2015-09-03		18359.53	18481.57	18176.75	18182.39	
2015-09-02		17861.81	18467.44	17857.30	18095.40	
2015-09-01		18763.72	18777.47	18165.69	18165.69	
2015-08-31		19006.98	19019.61	18749.77	18890.48	
2015-08-28		18908.73	19192.82	18901.09	19136.32	
2015-08-27		18680.47	18810.05	18486.46	18574.44	
2015-08-26		17894.29	18442.84	17714.30	18376.83	
2015-08-25		18171.66	18835.35	17747.50	17806.70	
2015-08-24		19075.05	19154.65	18498.80	18540.68	
2015-08-21		19711.34	19737.54	19435.83	19435.83	
2015-08-20		20194.26	20246.47	20033.29	20033.52	
2015-08-19		20467.49	20521.97	20218.03	20222.63	
2015-08-18		20640.59	20663.18	20545.25	20554.47	
2015-08-17		20600.16	20668.87	20541.00	20620.26	
2015-08-14		20518.36	20605.46	20484.67	20519.45	
2015-08-13		20392.54	20633.91	20306.98	20595.55	
2015-08-12		20632.68	20703.20	20303.02	20392.77	
2015-08-11		20920.60	20946.93	20582.01	20720.75	
2015-08-10		20618.31	20820.86	20617.05	20808.69	
2015-08-07		20601.57	20754.00	20567.51	20724.56	
2015-08-06		20768.77	20817.48	20664.44	20664.44	
2015-08-05		20490.15	20715.48	20469.87	20614.06	
2015-08-04		20462.18	20552.04	20448.49	20520.36	
2015-08-03		20540.21	20562.20	20396.50	20548.11	
2015-07-31		20506.55	20585.24	20466.80	20585.24	
2015-07-30		20450.61	20583.57	20443.89	20522.83	
2015-07-29		20425.69	20425.69	20205.21	20302.91	
2015-07-28		20188.57	20423.58	20070.62	20328.89	
2015-07-27		20374.05	20486.93	20278.73	20350.10	
2015-07-24		20603.63	20631.54	20527.78	20544.53	
2015-07-23		20693.57	20708.23	20648.76	20683.95	
2015-07-22		20657.80	20677.84	20576.19	20593.67	
2015-07-21		20763.31	20850.00	20710.34	20841.97	
2015-07-17		20646.63	20658.95	20611.22	20650.92	
2015-07-16		20588.98	20612.50	20522.25	20600.12	
2015-07-15		20478.85	20496.60	20401.09	20463.33	
2015-07-14		20355.33	20435.53	20322.20	20385.33	
2015-07-13		19929.92	20120.15	19911.39	20089.77	
2015-07-10		19829.93	19978.24	19720.15	19779.83	
2015-07-09		19422.78	19855.50	19115.20	19855.50	
2015-07-08		20282.49	20310.89	19737.64	19737.64	
2015-07-07		20354.23	20428.00	20337.18	20376.59	
2015-07-06		20200.15	20310.72	20012.23	20112.12	
2015-07-03		20476.69	20557.51	20431.25	20539.79	
2015-07-02		20565.94	20601.73	20479.85	20522.50	
2015-07-01		20291.05	20346.74	20225.27	20329.32	
2015-06-30		20174.61	20243.18	20118.26	20235.73	
2015-06-29		20305.97	20361.60	20093.16	20109.95	
2015-06-26		20758.43	20785.76	20650.00	20706.15	
2015-06-25		20777.69	20866.58	20758.60	20771.40	
2015-06-24		20889.32	20952.71	20838.22	20868.03	
2015-06-23		20547.74	20809.42	20531.13	20809.42	
2015-06-22		20174.14	20433.30	20174.14	20428.19	
2015-06-19		20152.41	20194.45	20075.91	20174.24	
2015-06-18		20193.59	20200.51	19990.55	19990.82	
2015-06-17		20306.10	20323.08	20126.57	20219.27	
2015-06-16		20332.83	20368.21	20234.16	20257.94	
2015-06-15		20205.10	20401.48	20205.10	20387.79	
2015-06-12		20431.78	20437.26	20331.19	20407.08	
2015-06-11		20183.61	20382.97	20178.04	20382.97	
2015-06-10		20126.36	20264.92	20016.32	20046.36	
2015-06-09		20293.05	20332.42	20095.48	20096.30	
2015-06-08		20537.85	20544.94	20359.06	20457.19	
2015-06-05		20398.76	20480.25	20363.18	20460.90	
2015-06-04		20539.94	20552.46	20438.21	20488.19	
2015-06-03		20443.15	20506.35	20397.73	20473.51	
2015-06-02		20604.67	20619.61	20470.26	20543.19	
2015-06-01		20444.54	20595.41	20410.27	20569.87	
2015-05-29		20510.27	20636.41	20508.40	20563.15	
2015-05-28		20590.28	20655.33	20473.27	20551.46	
2015-05-27		20380.64	20513.22	20363.21	20472.58	
2015-05-26		20431.27	20473.85	20378.77	20437.48	
2015-05-25		20331.92	20417.77	20318.54	20413.77	
2015-05-22		20208.85	20278.31	20130.84	20264.41	
2015-05-21		20215.46	20320.90	20175.78	20202.87	
2015-05-20		20175.59	20278.89	20148.51	20196.56	
2015-05-19		19977.14	20087.70	19946.75	20026.38	
2015-05-18		19766.16	19890.27	19741.22	19890.27	
2015-05-15		19693.17	19750.76	19633.75	19732.92	
2015-05-14		19661.52	19717.80	19546.82	19570.24	
2015-05-13		19568.76	19791.88	19494.70	19764.72	
2015-05-12		19608.23	19626.75	19467.65	19624.84	
2015-05-11		19637.58	19679.63	19586.81	19620.91	
2015-05-08		19315.63	19458.75	19302.71	19379.19	
2015-05-07		19356.46	19461.08	19257.85	19291.99	
2015-05-01		19510.85	19549.39	19399.16	19531.63	
2015-04-30		19847.50	19852.66	19502.61	19520.01	
2015-04-28		20068.65	20133.78	20031.71	20058.95	
2015-04-27		20063.80	20069.24	19909.86	19983.32	
2015-04-24		20142.47	20142.47	20013.74	20020.04	
2015-04-23		20227.28	20252.12	20116.19	20187.65	
2015-04-22		19999.84	20144.66	19983.00	20133.90	
2015-04-21		19731.57	19909.09	19678.22	19909.09	
2015-04-20		19501.00	19725.86	19474.23	19634.49	
2015-04-17		19810.40	19815.25	19638.37	19652.88	
2015-04-16		19862.48	19894.35	19742.12	19885.77	
2015-04-15		19838.53	19913.42	19823.86	19869.76	
2015-04-14		19828.65	19922.50	19828.65	19908.68	
2015-04-13		19967.38	19975.66	19825.69	19905.46	
2015-04-10		19989.55	20006.00	19845.31	19907.63	
2015-04-09		19851.12	19957.32	19822.49	19937.72	
2015-04-08		19729.70	19845.53	19693.63	19789.81	
2015-04-07		19539.03	19667.48	19501.31	19640.54	
2015-04-06		19295.03	19424.09	19241.29	19397.98	
2015-04-03		19289.04	19435.08	19289.04	19435.08	
2015-04-02		19141.93	19433.89	19115.14	19312.79	
2015-04-01		19129.75	19195.23	18927.95	19034.84	
2015-03-31		19592.43	19607.25	19206.99	19206.99	
2015-03-30		19295.21	19474.07	19227.29	19411.40	
2015-03-27		19374.72	19590.03	19099.87	19285.63	
2015-03-26		19605.60	19623.11	19397.01	19471.12	
2015-03-25		19745.75	19775.45	19542.22	19746.20	
2015-03-24		19718.99	19770.64	19646.35	19713.45	
2015-03-23		19607.98	19778.60	19584.73	19754.36	
2015-03-20		19479.71	19565.44	19416.63	19560.22	
2015-03-19		19514.64	19557.17	19312.70	19476.56	
2015-03-18		19407.76	19555.72	19389.24	19544.48	
2015-03-17		19425.89	19479.89	19373.39	19437.00	
2015-03-16		19245.38	19349.20	19226.71	19246.06	
2015-03-13		19119.58	19335.80	19042.25	19254.25	
2015-03-12		18787.10	19008.13	18774.42	18991.11	
2015-03-11		18604.87	18836.93	18583.52	18723.52	
2015-03-10		18891.01	18924.38	18577.06	18665.11	
2015-03-09		18872.96	18878.15	18733.87	18790.55	
2015-03-06		18814.85	18979.64	18808.30	18971.00	
2015-03-05		18658.16	18767.50	18655.36	18751.84	
2015-03-04		18716.78	18732.66	18586.84	18703.60	
2015-03-03		18910.52	18910.52	18730.57	18815.16	
2015-03-02		18869.40	18939.17	18775.23	18826.88	
2015-02-27		18844.28	18865.39	18714.64	18797.94	
2015-02-26		18587.87	18790.83	18587.13	18785.79	
2015-02-25		18636.34	18648.77	18552.81	18585.20	
2015-02-24		18468.39	18603.48	18427.98	18603.48	
2015-02-23		18499.58	18509.08	18402.02	18466.92	
2015-02-20		18336.50	18360.92	18297.67	18332.30	
2015-02-19		18237.35	18322.50	18237.35	18264.79	
2015-02-18		18103.98	18202.61	18092.32	18199.17	
2015-02-17		17949.70	18009.45	17901.26	17987.09	
2015-02-16		18024.01	18074.26	17978.90	18004.77	
2015-02-13		17892.10	17962.11	17864.55	17913.36	
2015-02-12		17899.40	18005.45	17884.34	17979.72	
2015-02-10		17662.67	17673.27	17550.03	17652.68	
2015-02-09		17790.31	17799.49	17653.61	17711.93	
2015-02-06		17696.18	17700.67	17603.07	17648.50	
2015-02-05		17589.21	17619.34	17484.67	17504.62	
2015-02-04		17549.30	17743.11	17535.04	17678.74	
2015-02-03		17654.60	17654.60	17271.87	17335.85	
2015-02-02		17536.61	17628.40	17459.45	17558.04	
2015-01-30		17788.74	17808.47	17661.10	17674.39	
2015-01-29		17666.91	17778.83	17575.10	17606.22	
2015-01-28		17615.93	17850.59	17615.93	17795.73	
2015-01-27		17649.40	17768.41	17633.47	17768.30	
2015-01-26		17285.71	17471.94	17285.71	17468.52	
2015-01-23		17520.63	17532.06	17460.76	17511.75	
2015-01-22		17306.64	17355.74	17229.21	17329.02	
2015-01-21		17308.72	17329.03	17181.55	17280.48	
2015-01-20		17071.65	17366.30	17066.77	17366.30	
2015-01-19		17000.78	17039.80	16911.58	17014.29	
2015-01-16		16812.96	16864.34	16592.57	16864.16	
2015-01-15		16872.95	17141.98	16856.22	17108.70	
2015-01-14		16961.82	17036.72	16770.56	16795.96	
2015-01-13		16970.88	17087.71	16828.27	17087.71	
2015-01-09		17318.74	17342.65	17129.53	17197.73	
2015-01-08		17067.40	17243.71	17016.09	17167.10	
2015-01-07		16808.26	16974.61	16808.26	16885.33	
2015-01-06		17101.58	17111.36	16881.73	16883.19	
2015-01-05		17325.68	17540.92	17219.22	17408.71	
2014-12-30		17702.12	17713.76	17450.77	17450.77	
2014-12-29		17914.55	17914.55	17525.66	17729.84	
2014-12-26		17778.91	17843.73	17769.01	17818.96	
2014-12-25		17804.84	17832.47	17773.59	17808.75	
2014-12-24		17842.04	17875.41	17800.42	17854.23	
2014-12-22		17685.53	17692.58	17572.62	17635.14	
2014-12-19		17511.01	17621.40	17471.60	17621.40	
2014-12-18		17142.95	17274.23	17136.41	17210.05	
2014-12-17		16689.34	16891.02	16672.94	16819.73	
2014-12-16		16862.42	16895.39	16714.83	16755.32	
2014-12-15		17111.49	17258.32	17037.21	17099.40	
2014-12-12		17317.69	17526.19	17298.19	17371.58	
2014-12-11		17180.49	17289.73	17043.63	17257.40	
2014-12-10		17623.35	17658.14	17308.82	17412.58	
2014-12-09		17820.24	17892.16	17773.30	17813.38	
2014-12-08		18004.66	18030.83	17869.74	17935.64	
2014-12-05		17821.85	17922.29	17759.36	17920.45	
2014-12-04		17881.91	17912.59	17813.01	17887.21	
2014-12-03		17772.15	17881.76	17696.36	17720.43	
2014-12-02		17481.06	17687.70	17476.42	17663.22	
2014-12-01		17475.10	17649.02	17474.27	17590.10	
2014-11-28		17340.16	17471.90	17330.84	17459.85	
2014-11-27		17310.49	17346.85	17212.48	17248.50	
2014-11-26		17347.97	17432.57	17335.99	17383.58	
2014-11-25		17490.39	17490.39	17372.71	17407.62	
2014-11-21		17285.72	17381.59	17108.20	17357.51	
2014-11-20		17407.69	17407.69	17270.70	17300.86	
2014-11-19		17384.31	17472.57	17280.76	17288.75	
2014-11-18		17188.84	17356.76	17186.50	17344.06	
2014-11-17		17381.38	17409.32	16907.43	16973.80	
2014-11-14		17520.54	17520.54	17300.19	17490.83	
2014-11-13		17192.00	17400.77	17099.95	17392.79	
2014-11-12		17253.12	17443.74	17170.00	17197.05	
2014-11-11		16869.49	17160.12	16855.30	17124.11	
2014-11-10		16758.27	16818.05	16713.37	16780.53	
2014-11-07		16934.04	16938.20	16824.08	16880.38	
2014-11-06		16993.46	17045.94	16725.45	16792.48	
2014-11-05		16785.44	16995.02	16778.28	16937.32	
2014-11-04		16732.85	17127.66	16720.99	16862.47	
2014-10-31		15817.14	16533.91	15817.14	16413.76	
2014-10-30		15596.50	15701.04	15584.83	15658.20	
2014-10-29		15442.39	15595.29	15394.79	15553.91	
2014-10-28		15363.28	15374.46	15263.36	15329.91	
2014-10-27		15404.28	15424.05	15333.71	15388.72	
2014-10-24		15354.35	15377.05	15232.00	15291.64	
2014-10-23		15093.78	15232.51	15059.64	15138.96	
2014-10-22		15038.19	15195.78	15001.43	15195.77	
2014-10-21		15115.29	15115.29	14761.84	14804.28	
2014-10-20		14822.84	15111.23	14819.69	15111.23	
2014-10-17		14796.32	14830.67	14529.03	14532.51	
2014-10-16		14805.16	14807.08	14672.55	14738.38	
2014-10-15		15009.75	15084.61	14916.65	15073.52	
2014-10-14		15036.87	15089.90	14919.71	14936.51	
2014-10-10		15292.88	15345.78	15221.83	15300.55	
2014-10-09		15681.53	15732.32	15461.09	15478.93	
2014-10-08		15574.60	15643.63	15520.81	15595.98	
2014-10-07		15841.17	15913.52	15755.57	15783.83	
2014-10-06		15882.28	15970.65	15808.22	15890.95	
2014-10-03		15616.48	15708.65	15559.07	15708.65	
2014-10-02		15895.20	15922.51	15646.40	15661.99	
2014-10-01		16173.39	16225.96	16081.01	16082.25	
2014-09-30		16252.72	16252.72	16058.72	16173.52	
2014-09-29		16339.03	16344.32	16262.00	16310.64	
2014-09-26		16087.95	16251.67	16087.95	16229.86	
2014-09-25		16327.19	16374.14	16303.91	16374.14	
2014-09-24		16105.56	16203.94	16094.59	16167.45	
2014-09-22		16281.36	16299.13	16170.11	16205.90	
2014-09-19		16177.94	16364.08	16170.86	16321.17	
2014-09-18		16036.47	16106.11	16003.46	16067.57	
2014-09-17		15948.15	15969.41	15888.67	15888.67	
2014-09-16		15896.06	15938.31	15871.12	15911.53	
2014-09-12		15885.04	15984.90	15885.04	15948.29	
2014-09-11		15880.91	15925.51	15854.30	15909.20	
2014-09-10		15688.55	15795.60	15664.79	15788.78	
2014-09-09		15795.82	15795.82	15736.13	15749.15	
2014-09-08		15718.13	15730.33	15656.40	15705.11	
2014-09-05		15792.64	15792.64	15641.37	15668.68	
2014-09-04		15701.61	15732.76	15663.59	15676.18	
2014-09-03		15797.79	15829.38	15723.54	15728.35	
2014-09-02		15526.94	15737.36	15516.50	15668.60	
2014-09-01		15454.59	15478.77	15440.99	15476.60	
2014-08-29		15423.88	15447.81	15356.00	15424.59	
2014-08-28		15482.27	15487.99	15423.90	15459.86	
2014-08-27		15556.56	15588.22	15465.99	15534.82	
2014-08-26		15609.64	15613.34	15519.42	15521.22	
2014-08-25		15609.43	15628.61	15553.51	15613.25	
2014-08-22		15618.05	15628.78	15524.43	15539.19	
2014-08-21		15530.98	15601.99	15525.78	15586.20	
2014-08-20		15485.93	15492.88	15433.72	15454.45	
2014-08-19		15451.94	15476.05	15429.11	15449.79	
2014-08-18		15318.50	15365.35	15303.39	15322.60	
2014-08-15		15317.15	15328.34	15276.99	15318.34	
2014-08-14		15284.38	15338.85	15272.90	15314.57	
2014-08-13		15111.76	15235.90	15108.53	15213.63	
2014-08-12		15164.73	15235.98	15125.93	15161.31	
2014-08-11		15022.64	15161.54	14973.71	15130.52	
2014-08-08		15063.73	15074.32	14753.84	14778.37	
2014-08-07		15138.72	15243.06	15061.99	15232.37	
2014-08-06		15260.00	15271.14	15121.43	15159.79	
2014-08-05		15506.87	15507.32	15313.84	15320.31	
2014-08-04		15474.65	15535.62	15440.21	15474.50	
2014-08-01		15511.54	15602.13	15501.15	15523.11	
2014-07-31		15732.78	15759.66	15618.85	15620.77	
2014-07-30		15616.89	15666.62	15594.89	15646.23	
2014-07-29		15564.79	15632.70	15556.02	15618.07	
2014-07-28		15426.98	15556.62	15426.98	15529.40	
2014-07-25		15342.46	15457.87	15341.69	15457.87	
2014-07-24		15350.28	15383.11	15232.14	15284.42	
2014-07-23		15367.16	15376.20	15317.37	15328.56	
2014-07-22		15296.42	15392.02	15287.93	15343.28	
2014-07-18		15174.08	15220.50	15110.45	15215.71	
2014-07-17		15422.87	15465.74	15347.85	15370.26	
2014-07-16		15369.66	15423.96	15355.00	15379.30	
2014-07-15		15354.43	15441.54	15346.09	15395.16	
2014-07-14		15199.18	15324.95	15179.49	15296.82	
2014-07-11		15102.59	15204.01	15101.49	15164.04	
2014-07-10		15318.30	15326.78	15215.43	15216.47	
2014-07-09		15194.32	15302.65	15185.32	15302.65	
2014-07-08		15304.27	15389.89	15225.11	15314.41	
2014-07-07		15433.49	15477.77	15379.44	15379.44	
2014-07-04		15490.37	15490.37	15420.07	15437.13	
2014-07-03		15435.34	15435.34	15324.32	15348.29	
2014-07-02		15406.23	15444.63	15354.91	15369.97	
2014-07-01		15179.64	15389.08	15145.87	15326.20	
2014-06-30		15159.45	15177.87	15052.34	15162.10	
2014-06-27		15290.75	15293.82	15027.31	15095.00	
2014-06-26		15320.13	15345.12	15278.22	15308.49	
2014-06-25		15297.24	15347.88	15265.71	15266.61	
2014-06-24		15300.50	15424.57	15252.27	15376.24	
2014-06-23		15419.47	15442.67	15335.88	15369.28	
2014-06-20		15359.60	15422.06	15305.43	15349.42	
2014-06-19		15140.35	15375.38	15138.28	15361.16	
2014-06-18		15009.89	15139.99	14995.45	15115.80	
2014-06-17		14962.99	15026.96	14948.54	14975.97	
2014-06-16		15049.61	15056.75	14867.15	14933.29	
2014-06-13		14830.99	15121.64	14830.99	15097.84	
2014-06-12		14942.15	14992.96	14862.08	14973.53	
2014-06-11		15000.13	15075.72	14998.63	15069.48	
2014-06-10		15130.74	15184.77	14966.80	14994.80	
2014-06-09		15204.31	15206.57	15116.03	15124.00	
2014-06-06		15138.75	15144.34	15042.59	15077.24	
2014-06-05		15112.59	15141.14	15016.81	15079.37	
2014-06-04		15067.41	15071.78	14985.21	15067.96	
2014-06-03		15089.04	15091.49	15026.01	15034.25	
2014-06-02		14777.51	14963.91	14777.51	14935.92	
2014-05-30		14707.66	14741.10	14591.62	14632.38	
2014-05-29		14585.64	14714.95	14574.02	14681.72	
2014-05-28		14646.93	14717.29	14608.54	14670.95	
2014-05-27		14589.79	14744.16	14588.68	14636.52	
2014-05-26		14592.60	14602.52	14531.32	14602.52	
2014-05-23		14411.10	14528.04	14404.80	14462.17	
2014-05-22		14188.28	14369.02	14147.55	14337.79	
2014-05-21		13969.71	14054.24	13964.43	14042.17	
2014-05-20		14088.45	14144.04	14038.06	14075.25	
2014-05-19		14130.09	14150.50	13991.80	14006.44	
2014-05-16		14087.76	14108.44	14016.49	14096.59	
2014-05-15		14280.51	14306.36	14190.27	14298.21	
2014-05-14		14385.60	14419.65	14349.87	14405.76	
2014-05-13		14367.94	14464.01	14359.74	14425.44	
2014-05-12		14173.49	14234.49	14130.30	14149.52	
2014-05-09		14101.98	14266.29	14091.20	14199.59	
2014-05-08		14136.41	14254.44	14108.16	14163.78	
2014-05-07		14296.25	14299.13	14033.45	14033.45	
2014-05-02		14454.44	14473.75	14405.77	14457.51	
2014-05-01		14341.09	14493.03	14341.09	14485.13	
2014-04-30		14393.51	14421.22	14275.69	14304.11	
2014-04-28		14289.82	14324.03	14224.47	14288.23	
2014-04-25		14369.72	14554.32	14327.60	14429.26	
2014-04-24		14563.25	14563.25	14367.13	14404.99	
2014-04-23		14480.41	14546.27	14459.29	14546.27	
2014-04-22		14586.29	14604.30	14388.77	14388.77	
2014-04-21		14549.45	14649.50	14503.17	14512.38	
2014-04-18		14489.37	14536.67	14442.74	14516.27	
2014-04-17		14395.95	14500.66	14351.85	14417.53	
2014-04-16		14126.87	14420.30	14125.59	14417.68	
2014-04-15		14068.75	14096.86	13969.17	13996.81	
2014-04-14		13887.23	14008.29	13885.22	13910.16	
2014-04-11		14027.80	14065.97	13885.11	13960.05	
2014-04-10		14484.54	14513.14	14234.45	14300.12	
2014-04-09		14436.05	14502.02	14279.34	14299.69	
2014-04-08		14715.80	14740.10	14605.31	14606.88	
2014-04-07		14880.82	14895.58	14764.37	14808.85	
2014-04-04		15005.54	15098.38	15000.69	15063.77	
2014-04-03		15009.18	15164.39	14976.36	15071.88	
2014-04-02		14897.88	15069.61	14893.17	14946.32	
2014-04-01		14870.51	14870.51	14751.29	14791.99	
2014-03-31		14839.54	14843.67	14718.01	14827.83	
2014-03-28		14576.25	14713.45	14520.57	14696.03	
2014-03-27		14305.67	14659.85	14227.81	14622.89	
2014-03-26		14521.00	14569.90	14401.42	14477.16	
2014-03-25		14401.69	14531.79	14312.08	14423.19	
2014-03-24		14297.58	14514.28	14287.28	14475.30	
2014-03-20		14548.76	14548.76	14207.83	14224.23	
2014-03-19		14495.73	14663.54	14302.37	14462.52	
2014-03-18		14491.41	14533.25	14399.72	14411.27	
2014-03-17		14254.32	14359.16	14203.21	14277.67	
2014-03-14		14526.28	14539.60	14280.75	14327.66	
2014-03-13		14847.72	14919.84	14790.48	14815.98	
2014-03-12		15003.80	15020.14	14828.18	14830.39	
2014-03-11		15179.47	15256.03	15124.36	15224.11	
2014-03-10		15197.53	15266.12	15088.11	15120.14	
2014-03-07		15280.76	15312.60	15145.59	15274.07	
2014-03-06		14933.76	15203.12	14871.56	15134.75	
2014-03-05		14905.95	14992.19	14897.63	14897.63	
2014-03-04		14553.95	14750.09	14546.34	14721.48	
2014-03-03		14666.93	14684.70	14443.10	14652.23	
2014-02-28		14929.55	14943.65	14735.52	14841.07	
2014-02-27		14939.87	15015.01	14844.37	14923.11	
2014-02-26		14896.49	15084.53	14896.49	14970.97	
2014-02-25		15002.51	15094.54	14957.49	15051.60	
2014-02-24		14803.64	14982.53	14658.14	14837.68	
2014-02-21		14618.61	14888.81	14618.61	14865.67	
2014-02-20		14701.14	14731.48	14428.73	14449.18	
2014-02-19		14729.48	14805.66	14679.19	14766.53	
2014-02-18		14514.47	14900.24	14469.49	14843.24	
2014-02-17		14343.73	14427.95	14214.60	14393.11	
2014-02-14		14538.20	14678.71	14243.17	14313.03	
2014-02-13		14785.84	14787.62	14488.32	14534.74	
2014-02-12		14821.73	14874.79	14769.04	14800.06	
2014-02-10		14647.83	14725.92	14568.30	14718.34	
2014-02-07		14387.11	14471.95	14356.59	14462.41	
2014-02-06		14233.42	14308.07	14155.12	14155.12	
2014-02-05		14213.10	14245.06	13995.86	14180.38	
2014-02-04		14353.33	14355.92	14008.47	14008.47	
2014-02-03		14788.56	14846.93	14615.05	14619.13	
2014-01-31		15132.23	15143.88	14764.57	14914.53	
2014-01-30		15112.70	15112.70	14853.83	15007.06	
2014-01-29		15164.34	15383.91	15159.92	15383.91	
2014-01-28		15038.64	15088.12	14952.83	14980.16	
2014-01-27		15091.45	15109.68	14933.55	15005.73	
2014-01-24		15473.57	15485.02	15288.32	15391.56	
2014-01-23		15900.63	15958.58	15690.45	15695.89	
2014-01-22		15749.01	15870.53	15631.41	15820.96	
2014-01-21		15710.89	15894.68	15705.84	15795.96	
2014-01-20		15724.14	15727.26	15574.23	15641.68	
2014-01-17		15695.46	15783.37	15621.80	15734.46	
2014-01-16		15845.15	15941.08	15710.14	15747.20	
2014-01-15		15649.07	15808.73	15636.57	15808.73	
2014-01-14		15657.20	15661.71	15383.69	15422.40	
2014-01-10		15785.15	15922.14	15754.70	15912.06	
2014-01-09		16002.88	16004.56	15838.44	15880.33	
2014-01-08		15943.68	16121.45	15906.57	16121.45	
2014-01-07		15835.41	15935.37	15784.25	15814.37	
2014-01-06		16147.54	16164.01	15864.44	15908.88	
2013-12-30		16269.22	16320.22	16182.71	16291.31	
2013-12-27		16229.43	16232.69	16056.73	16178.94	
2013-12-26		16087.07	16186.04	16082.28	16174.44	
2013-12-25		15861.13	16010.54	15853.51	16009.99	
2013-12-24		15955.90	16029.65	15849.00	15889.33	
2013-12-20		15790.69	15870.42	15755.36	15870.42	
2013-12-19		15809.43	15891.82	15798.85	15859.22	
2013-12-18		15273.24	15588.42	15268.18	15587.80	
2013-12-17		15290.22	15322.13	15248.42	15278.63	
2013-12-16		15408.35	15408.35	15146.13	15152.91	
2013-12-13		15316.89	15532.94	15251.45	15403.11	
2013-12-12		15377.32	15392.66	15255.36	15341.82	
2013-12-11		15509.93	15562.30	15386.11	15515.06	
2013-12-10		15633.97	15633.97	15562.06	15611.31	
2013-12-09		15556.60	15650.21	15547.29	15650.21	
2013-12-06		15112.54	15327.37	15112.54	15299.86	
2013-12-05		15354.53	15430.20	15139.12	15177.49	
2013-12-04		15520.20	15579.36	15326.06	15407.94	
2013-12-03		15747.54	15794.15	15661.90	15749.66	
2013-12-02		15659.74	15703.02	15579.54	15655.07	
2013-11-29		15661.43	15727.96	15507.17	15661.87	
2013-11-28		15622.19	15729.09	15605.73	15727.12	
2013-11-27		15414.52	15512.76	15414.52	15449.63	
2013-11-26		15501.95	15577.97	15460.97	15515.24	
2013-11-25		15504.78	15619.13	15469.87	15619.13	
2013-11-22		15513.45	15579.39	15307.44	15381.72	
2013-11-21		15176.65	15377.00	15168.47	15365.60	
2013-11-20		15176.35	15209.67	15069.98	15076.08	
2013-11-19		15096.63	15163.06	15020.33	15126.56	
2013-11-18		15253.24	15273.61	15106.82	15164.30	
2013-11-15		15034.33	15203.11	14994.70	15165.92	
2013-11-14		14665.75	14966.43	14665.75	14876.41	
2013-11-13		14527.97	14599.53	14490.92	14567.16	
2013-11-12		14289.87	14588.68	14278.21	14588.68	
2013-11-11		14271.48	14304.29	14208.13	14269.84	
2013-11-08		14026.17	14122.28	14026.17	14086.80	
2013-11-07		14355.56	14371.56	14222.03	14228.44	
2013-11-06		14155.34	14407.69	14130.86	14337.31	
2013-11-05		14319.75	14323.24	14141.82	14225.37	
2013-11-01		14403.07	14411.05	14126.41	14201.57	
2013-10-31		14474.01	14516.08	14324.17	14327.94	
2013-10-30		14464.67	14526.88	14425.58	14502.35	
2013-10-29		14288.72	14395.96	14224.59	14325.98	
2013-10-28		14261.65	14400.32	14194.42	14396.04	
2013-10-25		14439.14	14442.12	14088.19	14088.19	
2013-10-24		14344.74	14499.52	14273.71	14486.41	
2013-10-23		14784.41	14799.28	14426.05	14426.05	
2013-10-22		14677.08	14747.77	14641.78	14713.25	
2013-10-21		14624.03	14727.85	14624.03	14693.57	
2013-10-18		14589.60	14610.09	14503.09	14561.54	
2013-10-17		14640.08	14664.22	14492.67	14586.51	
2013-10-16		14433.64	14493.67	14417.61	14467.14	
2013-10-15		14510.27	14510.37	14415.76	14441.54	
2013-10-11		14376.89	14447.87	14320.30	14404.74	
2013-10-10		14097.62	14200.31	14077.03	14194.71	
2013-10-09		13789.89	14037.84	13751.85	14037.84	
2013-10-08		13794.74	13929.64	13748.94	13894.61	
2013-10-07		14057.79	14073.23	13841.93	13853.32	
2013-10-04		14029.73	14149.77	13944.27	14024.31	
2013-10-03		14140.11	14219.89	14082.31	14157.25	
2013-10-02		14492.47	14569.20	14114.54	14170.49	
2013-10-01		14517.98	14642.97	14471.70	14484.72	
2013-09-30		14530.62	14619.24	14425.82	14455.80	
2013-09-27		14803.99	14817.50	14699.21	14760.07	
2013-09-26		14553.06	14799.12	14410.52	14799.12	
2013-09-25		14713.03	14737.98	14620.53	14620.53	
2013-09-24		14626.04	14767.72	14607.27	14732.61	
2013-09-20		14801.64	14816.65	14702.25	14742.42	
2013-09-19		14680.40	14766.18	14581.79	14766.18	
2013-09-18		14411.55	14625.97	14396.41	14505.36	
2013-09-17		14456.99	14474.53	14311.67	14311.67	
2013-09-13		14316.70	14439.93	14233.12	14404.67	
2013-09-12		14397.90	14455.37	14321.57	14387.27	
2013-09-11		14511.74	14561.46	14422.72	14425.07	
2013-09-10		14318.72	14441.81	14296.78	14423.36	
2013-09-09		14141.67	14251.46	14117.68	14205.23	
2013-09-06		14088.41	14099.13	13834.52	13860.81	
2013-09-05		14140.20	14156.50	13981.52	14064.82	
2013-09-04		13875.17	14056.88	13843.61	14053.87	
2013-09-03		13748.68	13978.44	13748.68	13978.44	
2013-09-02		13438.07	13613.48	13407.53	13572.92	
2013-08-30		13573.24	13615.98	13335.91	13388.86	
2013-08-29		13382.95	13463.14	13364.82	13459.71	
2013-08-28		13285.03	13392.57	13188.14	13338.46	
2013-08-27		13551.75	13678.79	13517.10	13542.37	
2013-08-26		13719.56	13741.49	13586.84	13636.28	
2013-08-23		13583.76	13774.66	13575.40	13660.55	
2013-08-22		13314.05	13447.33	13238.73	13365.17	
2013-08-21		13431.28	13499.99	13250.36	13424.33	
2013-08-20		13632.96	13730.09	13383.18	13396.38	
2013-08-19		13669.74	13758.13	13589.78	13758.13	
2013-08-16		13532.61	13739.52	13532.61	13650.11	
2013-08-15		13845.64	13981.16	13711.12	13752.94	
2013-08-14		13936.74	14050.16	13747.18	14050.16	
2013-08-13		13696.36	13867.00	13689.49	13867.00	
2013-08-12		13469.70	13658.86	13430.64	13519.43	
2013-08-09		13673.49	13754.96	13527.81	13615.19	
2013-08-08		13779.47	14031.14	13556.65	13605.56	
2013-08-07		14155.95	14164.70	13824.94	13824.94	
2013-08-06		14237.10	14401.06	14031.61	14401.06	
2013-08-05		14318.21	14370.98	14225.50	14258.04	
2013-08-02		14178.66	14466.16	14146.92	14466.16	
2013-08-01		13674.50	14005.77	13645.61	14005.77	
2013-07-31		13733.55	13836.03	13644.21	13668.32	
2013-07-30		13634.20	13909.45	13613.78	13869.82	
2013-07-29		13899.27	13953.85	13661.13	13661.13	
2013-07-26		14339.39	14376.01	14114.52	14129.98	
2013-07-25		14747.21	14748.77	14533.21	14562.93	
2013-07-24		14719.64	14751.87	14630.68	14731.28	
2013-07-23		14555.36	14820.18	14549.06	14778.51	
2013-07-22		14770.02	14770.02	14514.29	14658.04	
2013-07-19		14909.76	14953.29	14413.28	14589.91	
2013-07-18		14645.25	14827.73	14645.25	14808.50	
2013-07-17		14491.80	14615.04	14460.56	14615.04	
2013-07-16		14594.88	14638.80	14550.89	14599.12	
2013-07-12		14475.17	14574.17	14417.30	14506.25	
2013-07-11		14275.26	14496.67	14275.26	14472.58	
2013-07-10		14464.82	14555.33	14287.69	14416.60	
2013-07-09		14295.44	14472.90	14186.03	14472.90	
2013-07-08		14491.07	14497.65	14109.34	14109.34	
2013-07-05		14150.85	14309.97	14149.50	14309.97	
2013-07-04		13970.27	14093.02	13962.30	14018.93	
2013-07-03		14149.99	14164.77	13984.08	14055.56	
2013-07-02		13969.15	14098.74	13898.54	14098.74	
2013-07-01		13746.72	13862.71	13562.70	13852.50	
2013-06-28		13383.92	13724.44	13354.70	13677.32	
2013-06-27		12968.72	13213.55	12873.50	13213.55	
2013-06-26		13152.75	13189.84	12826.51	12834.01	
2013-06-25		13081.62	13234.89	12758.22	12969.34	
2013-06-24		13417.54	13426.13	13026.23	13062.78	
2013-06-21		12787.87	13330.35	12702.67	13230.13	
2013-06-20		13101.85	13190.82	12966.41	13014.58	
2013-06-19		13233.08	13296.62	13107.65	13245.22	
2013-06-18		13015.15	13139.48	12919.03	13007.28	
2013-06-17		12584.37	13033.12	12549.82	13033.12	
2013-06-14		12668.90	12900.65	12629.31	12686.52	
2013-06-13		13038.02	13050.11	12415.85	12445.38	
2013-06-12		13087.66	13332.72	12994.08	13289.32	
2013-06-11		13504.77	13584.31	13296.31	13317.62	
2013-06-10		13141.85	13514.20	13141.37	13514.20	
2013-06-07		12706.41	13106.20	12548.20	12877.53	
2013-06-06		12925.29	13238.53	12862.02	12904.02	
2013-06-05		13566.75	13711.42	13011.16	13014.87	
2013-06-04		13186.60	13610.25	13060.94	13533.76	
2013-06-03		13551.36	13562.87	13261.82	13261.82	
2013-05-31		13804.23	13916.56	13681.39	13774.54	
2013-05-30		14072.90	14098.16	13555.66	13589.03	
2013-05-29		14492.55	14512.28	14243.49	14326.46	
2013-05-28		13943.62	14399.78	13943.62	14311.98	
2013-05-27		14373.82	14381.28	14027.42	14142.65	
2013-05-24		14731.75	15007.50	13981.52	14612.45	
2013-05-23		15739.98	15942.60	14483.98	14483.98	
2013-05-22		15440.69	15706.63	15432.64	15627.26	
2013-05-21		15264.79	15388.37	15264.42	15381.02	
2013-05-20		15260.61	15381.74	15245.80	15360.81	
2013-05-17		14926.42	15157.32	14902.30	15138.12	
2013-05-16		15146.05	15155.72	14879.51	15037.24	
2013-05-15		14962.34	15108.83	14956.38	15096.03	
2013-05-14		14822.56	14839.79	14755.08	14758.42	
2013-05-13		14759.50	14849.01	14727.70	14782.21	
2013-05-10		14449.24	14636.81	14426.74	14607.54	
2013-05-09		14366.95	14409.82	14191.48	14191.48	
2013-05-08		14196.20	14421.38	14186.83	14285.69	
2013-05-07		13960.04	14196.38	13951.81	14180.24	
2013-05-02		13727.25	13780.48	13637.96	13694.04	
2013-05-01		13837.72	13844.82	13782.00	13799.35	
2013-04-30		13854.82	13897.06	13778.75	13860.86	
2013-04-26		13978.98	13983.87	13852.20	13884.13	
2013-04-25		13887.53	13974.26	13827.96	13926.08	
2013-04-24		13687.28	13843.46	13686.78	13843.46	
2013-04-23		13545.60	13585.35	13505.53	13529.65	
2013-04-22		13537.17	13611.58	13529.44	13568.37	
2013-04-19		13268.43	13338.75	13186.89	13316.48	
2013-04-18		13272.22	13377.74	13200.85	13220.07	
2013-04-17		13330.50	13397.50	13318.69	13382.89	
2013-04-16		13023.91	13312.23	13004.46	13221.44	
2013-04-15		13345.86	13408.29	13257.86	13275.66	
2013-04-12		13568.25	13568.25	13402.86	13485.14	
2013-04-11		13444.95	13549.16	13384.11	13549.16	
2013-04-10		13177.31	13325.15	13177.31	13288.13	
2013-04-09		13309.13	13331.39	13151.73	13192.35	
2013-04-08		13082.61	13225.22	13080.29	13192.59	
2013-04-05		12880.82	13225.62	12831.10	12833.64	
2013-04-04		12188.22	12634.54	12075.97	12634.54	
2013-04-03		12112.09	12362.20	12102.05	12362.20	
2013-04-02		12051.57	12107.40	11805.78	12003.43	
2013-04-01		12371.34	12384.83	12133.00	12135.02	
2013-03-29		12405.53	12425.96	12319.75	12397.91	
2013-03-28		12457.13	12462.86	12286.37	12335.96	
2013-03-27		12476.58	12502.26	12442.39	12493.79	
2013-03-26		12461.79	12540.12	12456.04	12471.62	
2013-03-25		12507.61	12594.36	12480.42	12546.46	
2013-03-22		12498.51	12522.05	12338.53	12338.53	
2013-03-21		12592.00	12650.26	12586.06	12635.69	
2013-03-19		12405.61	12491.16	12401.12	12468.23	
2013-03-18		12365.44	12373.17	12220.63	12220.63	
2013-03-15		12437.68	12560.95	12434.47	12560.95	
2013-03-14		12332.16	12395.73	12248.65	12381.19	
2013-03-13		12252.29	12339.45	12234.48	12239.66	
2013-03-12		12433.60	12461.97	12314.81	12314.81	
2013-03-11		12363.09	12403.95	12300.83	12349.05	
2013-03-08		12066.50	12283.62	12065.09	12283.62	
2013-03-07		12037.25	12069.60	11946.01	11968.08	
2013-03-06		11811.06	11933.82	11803.09	11932.27	
2013-03-05		11732.57	11779.42	11666.38	11683.45	
2013-03-04		11695.45	11767.68	11613.59	11652.29	
2013-03-01		11464.71	11648.63	11464.71	11606.38	
2013-02-28		11396.73	11563.75	11392.56	11559.36	
2013-02-27		11418.56	11419.62	11253.97	11253.97	
2013-02-26		11449.66	11520.24	11374.83	11398.81	
2013-02-25		11564.55	11662.52	11562.10	11662.52	
2013-02-22		11238.75	11390.65	11175.67	11385.94	
2013-02-21		11404.73	11442.11	11301.77	11309.13	
2013-02-20		11485.65	11510.52	11440.10	11468.28	
2013-02-19		11336.45	11412.86	11336.45	11372.34	
2013-02-18		11318.22	11445.46	11308.83	11407.87	
2013-02-15		11239.21	11261.58	11065.06	11173.83	
2013-02-14		11273.40	11356.54	11243.49	11307.28	
2013-02-13		11333.72	11365.27	11196.66	11251.41	
2013-02-12		11346.72	11460.64	11343.44	11369.12	
2013-02-08		11179.97	11299.71	11135.89	11153.16	
2013-02-07		11406.32	11446.81	11295.62	11357.07	
2013-02-06		11236.70	11498.42	11232.05	11463.75	
2013-02-05		11105.24	11170.85	11046.92	11046.92	
2013-02-04		11254.16	11285.49	11194.74	11260.35	
2013-02-01		11193.72	11237.84	11142.26	11191.34	
2013-01-31		11057.50	11145.38	11007.77	11138.66	
2013-01-30		10913.97	11113.95	10905.64	11113.95	
2013-01-29		10751.01	10937.63	10751.01	10866.72	
2013-01-28		11002.86	11002.86	10824.31	10824.31	
2013-01-25		10797.30	10926.65	10790.95	10926.65	
2013-01-24		10441.11	10634.74	10441.11	10620.87	
2013-01-23		10575.60	10663.09	10486.99	10486.99	
2013-01-22		10765.10	10859.42	10615.20	10709.93	
2013-01-21		10941.45	10941.45	10747.74	10747.74	
2013-01-18		10791.97	10913.30	10787.12	10913.30	
2013-01-17		10660.94	10694.85	10432.97	10609.64	
2013-01-16		10806.41	10806.41	10591.30	10600.44	
2013-01-15		10914.65	10952.31	10851.66	10879.08	
2013-01-11		10786.14	10830.43	10748.06	10801.57	
2013-01-10		10635.11	10686.12	10619.65	10652.64	
2013-01-09		10405.67	10620.70	10398.61	10578.57	
2013-01-08		10544.21	10602.12	10463.43	10508.06	
2013-01-07		10743.69	10743.69	10589.70	10599.01	
2013-01-04		10604.50	10734.23	10602.24	10688.11	
2012-12-28		10406.36	10433.63	10374.85	10395.18	
2012-12-27		10295.26	10376.39	10288.85	10322.98	
2012-12-26		10131.22	10230.36	10107.34	10230.36	
2012-12-25		10092.35	10119.35	10030.44	10080.12	
2012-12-21		10145.58	10175.06	9924.42	9940.06	
2012-12-20		10093.11	10147.68	10028.65	10039.33	
2012-12-19		10025.40	10160.40	10016.98	10160.40	
2012-12-18		9848.87	9967.24	9848.87	9923.01	
2012-12-17		9895.68	9903.35	9826.30	9828.88	
2012-12-14		9703.56	9775.75	9687.70	9737.56	
2012-12-13		9681.20	9767.05	9672.47	9742.73	
2012-12-12		9606.25	9606.25	9565.95	9581.46	
2012-12-11		9510.60	9534.18	9487.95	9525.32	
2012-12-10		9584.46	9584.46	9517.40	9533.75	
2012-12-07		9547.14	9572.75	9522.13	9527.39	
2012-12-06		9535.69	9565.43	9503.31	9545.16	
2012-12-05		9380.37	9515.86	9376.97	9468.84	
2012-12-04		9419.15	9457.19	9406.03	9432.46	
2012-12-03		9484.20	9525.82	9453.48	9458.18	
2012-11-30		9446.77	9492.91	9380.25	9446.01	
2012-11-29		9370.29	9412.08	9350.40	9400.88	
2012-11-28		9375.48	9407.62	9308.35	9308.35	
2012-11-27		9371.13	9449.72	9370.59	9423.30	
2012-11-26		9466.06	9487.94	9388.94	9388.94	
2012-11-22		9336.32	9366.80	9304.72	9366.80	
2012-11-21		9213.73	9248.98	9161.21	9222.52	
2012-11-20		9198.42	9200.85	9129.43	9142.64	
2012-11-19		9141.27	9183.46	9135.29	9153.20	
2012-11-16		8898.33	9032.35	8898.33	9024.16	
2012-11-15		8703.82	8829.72	8684.23	8829.72	
2012-11-14		8660.27	8680.40	8653.49	8664.73	
2012-11-13		8710.52	8723.46	8619.45	8661.05	
2012-11-12		8701.28	8728.85	8676.44	8676.44	
2012-11-09		8742.68	8779.24	8729.45	8757.60	
2012-11-08		8868.42	8891.08	8811.41	8837.15	
2012-11-07		9030.56	9032.32	8924.41	8972.89	
2012-11-06		8989.58	8990.35	8957.49	8975.15	
2012-11-05		9000.81	9040.18	8984.69	9007.44	
2012-11-02		9049.22	9072.39	9031.43	9051.22	
2012-11-01		8931.71	8976.08	8871.48	8946.87	
2012-10-31		8911.08	8985.58	8905.44	8928.29	
2012-10-30		8941.82	8995.81	8841.98	8841.98	
2012-10-29		8958.79	8986.05	8909.37	8929.34	
2012-10-26		9058.93	9075.59	8933.06	8933.06	
2012-10-25		8952.13	9057.31	8941.85	9055.20	
2012-10-24		8896.41	9043.80	8896.41	8954.30	
2012-10-23		9066.03	9075.58	8970.50	9014.25	
2012-10-22		8874.52	9031.55	8867.79	9010.71	
2012-10-19		8944.03	9016.90	8940.38	9002.68	
2012-10-18		8886.56	8992.36	8877.17	8982.86	
2012-10-17		8777.39	8837.19	8758.70	8806.55	
2012-10-16		8638.68	8707.95	8633.68	8701.31	
2012-10-15		8517.77	8595.11	8488.14	8577.93	
2012-10-12		8607.70	8620.18	8516.11	8534.12	
2012-10-11		8514.63	8607.42	8514.63	8546.78	
2012-10-10		8650.55	8660.68	8578.25	8596.23	
2012-10-09		8822.39	8840.69	8765.55	8769.59	
2012-10-05		8850.29	8880.23	8805.79	8863.30	
2012-10-04		8783.13	8865.92	8738.31	8824.59	
2012-10-03		8778.26	8806.75	8729.56	8746.87	
2012-10-02		8826.36	8843.33	8774.75	8786.05	
2012-10-01		8815.07	8829.35	8759.07	8796.51	
2012-09-28		8986.63	8989.08	8838.85	8870.16	
2012-09-27		8856.31	8959.25	8844.06	8949.87	
2012-09-26		8941.75	8971.75	8894.02	8906.70	
2012-09-25		9031.37	9112.54	9023.63	9091.54	
2012-09-24		9071.32	9091.97	9031.13	9069.29	
2012-09-21		9113.30	9159.33	9103.95	9110.00	
2012-09-20		9174.19	9215.57	9079.19	9086.98	
2012-09-19		9166.52	9288.53	9140.75	9232.21	
2012-09-18		9155.49	9180.44	9120.61	9123.77	
2012-09-14		9097.92	9193.27	9081.80	9159.39	
2012-09-13		8950.01	9022.20	8932.10	8995.15	
2012-09-12		8827.21	8959.96	8821.80	8959.96	
2012-09-11		8811.33	8814.03	8769.47	8807.38	
2012-09-10		8853.19	8874.54	8838.18	8869.37	
2012-09-07		8821.37	8871.65	8804.27	8871.65	
2012-09-06		8690.34	8697.00	8646.03	8680.57	
2012-09-05		8756.59	8759.26	8679.82	8679.82	
2012-09-04		8787.97	8804.44	8729.22	8775.51	
2012-09-03		8836.61	8893.39	8773.40	8783.89	
2012-08-31		8891.75	8933.99	8839.91	8839.91	
2012-08-30		9062.07	9062.07	8960.24	8983.78	
2012-08-29		9045.73	9073.99	9033.83	9069.81	
2012-08-28		9138.51	9140.62	8988.99	9033.29	
2012-08-27		9140.41	9150.48	9084.87	9085.39	
2012-08-24		9069.95	9090.67	9045.79	9070.76	
2012-08-23		9080.67	9194.47	9062.54	9178.12	
2012-08-22		9150.69	9162.97	9075.08	9131.74	
2012-08-21		9165.15	9196.67	9146.07	9156.92	
2012-08-20		9202.36	9222.87	9150.79	9171.16	
2012-08-17		9120.22	9181.57	9097.00	9162.50	
2012-08-16		8967.11	9094.09	8962.97	9092.76	
2012-08-15		8960.28	8960.28	8866.06	8925.04	
2012-08-14		8913.70	8970.99	8897.87	8929.88	
2012-08-13		8871.68	8906.21	8867.63	8885.15	
2012-08-10		8931.92	8954.85	8857.23	8891.44	
2012-08-09		8870.81	9004.81	8862.17	8978.60	
2012-08-08		8889.38	8962.95	8851.59	8881.16	
2012-08-07		8714.12	8812.42	8711.90	8803.31	
2012-08-06		8683.20	8751.80	8676.25	8726.29	
2012-08-03		8539.71	8565.06	8513.20	8555.11	
2012-08-02		8642.89	8705.91	8635.51	8653.18	
2012-08-01		8622.04	8654.61	8578.16	8641.85	
2012-07-31		8600.92	8732.84	8585.26	8695.06	
2012-07-30		8658.83	8663.30	8589.19	8635.44	
2012-07-27		8547.34	8569.09	8522.74	8566.64	
2012-07-26		8408.22	8448.55	8358.51	8443.10	
2012-07-25		8410.98	8433.58	8328.02	8365.90	
2012-07-24		8497.99	8517.52	8446.18	8488.09	
2012-07-23		8582.28	8606.23	8500.27	8508.32	
2012-07-20		8785.87	8792.19	8662.72	8669.87	
2012-07-19		8795.00	8835.80	8771.19	8795.55	
2012-07-18		8796.15	8802.09	8715.14	8726.74	
2012-07-17		8740.98	8808.87	8711.73	8755.00	
2012-07-13		8701.35	8759.06	8695.44	8724.12	
2012-07-12		8859.39	8862.80	8709.75	8720.01	
2012-07-11		8819.04	8851.00	8797.73	8851.00	
2012-07-10		8922.03	8966.99	8855.93	8857.73	
2012-07-09		8922.99	8954.44	8892.17	8896.88	
2012-07-06		9052.70	9082.04	8977.35	9020.75	
2012-07-05		9078.46	9130.54	9069.01	9079.80	
2012-07-04		9119.69	9136.02	9095.31	9104.17	
2012-07-03		9013.65	9082.39	9012.86	9066.59	
2012-07-02		9103.79	9103.79	9003.48	9003.48	
2012-06-29		8811.46	9044.04	8803.33	9006.78	
2012-06-28		8816.07	8881.44	8805.65	8874.11	
2012-06-27		8677.76	8730.49	8641.52	8730.49	
2012-06-26		8671.61	8712.68	8619.36	8663.99	
2012-06-25		8837.83	8837.83	8726.40	8734.62	
2012-06-22		8733.50	8830.34	8731.79	8798.35	
2012-06-21		8794.03	8859.04	8790.86	8824.07	
2012-06-20		8739.10	8770.41	8711.22	8752.31	
2012-06-19		8692.82	8712.86	8630.66	8655.87	
2012-06-18		8723.55	8766.56	8711.49	8721.02	
2012-06-15		8608.43	8625.19	8552.75	8569.32	
2012-06-14		8531.40	8592.17	8520.99	8568.89	
2012-06-13		8557.57	8615.89	8554.14	8587.84	
2012-06-12		8478.78	8575.87	8452.50	8536.72	
2012-06-11		8612.14	8665.80	8594.58	8624.90	
2012-06-08		8609.78	8611.93	8427.20	8459.26	
2012-06-07		8639.25	8647.79	8599.64	8639.72	
2012-06-06		8428.36	8549.00	8412.55	8533.53	
2012-06-05		8331.02	8388.14	8306.93	8382.00	
2012-06-04		8278.65	8303.35	8238.96	8295.63	
2012-06-01		8465.47	8487.44	8422.50	8440.25	
2012-05-31		8499.68	8542.73	8455.13	8542.73	
2012-05-30		8637.95	8656.71	8568.97	8633.19	
2012-05-29		8565.56	8657.08	8517.18	8657.08	
2012-05-28		8604.99	8624.51	8568.87	8593.15	
2012-05-25		8616.85	8616.85	8550.93	8580.39	
2012-05-24		8537.99	8597.85	8496.61	8563.38	
2012-05-23		8715.14	8715.14	8538.69	8556.60	
2012-05-22		8721.59	8740.48	8690.47	8729.29	
2012-05-21		8617.92	8676.20	8608.62	8633.89	
2012-05-18		8727.58	8735.54	8588.16	8611.31	
2012-05-17		8789.47	8885.08	8765.71	8876.59	
2012-05-16		8865.78	8883.73	8756.07	8801.17	
2012-05-15		8910.85	8930.78	8838.78	8900.74	
2012-05-14		8986.22	9031.09	8947.82	8973.84	
2012-05-11		9019.40	9050.61	8944.63	8953.31	
2012-05-10		9013.26	9075.63	8985.90	9009.65	
2012-05-09		9112.72	9115.94	9021.20	9045.06	
2012-05-08		9190.50	9207.56	9159.47	9181.65	
2012-05-07		9198.17	9206.45	9109.01	9119.14	
2012-05-02		9397.87	9417.96	9344.53	9380.25	
2012-05-01		9471.66	9472.25	9332.79	9350.95	
2012-04-27		9564.40	9691.70	9463.60	9520.89	
2012-04-26		9613.16	9630.97	9531.03	9561.83	
2012-04-25		9578.42	9582.73	9530.02	9561.01	
2012-04-24		9466.08	9510.70	9423.30	9468.04	
2012-04-23		9599.20	9643.27	9520.98	9542.17	
2012-04-20		9574.99	9580.87	9532.68	9561.36	
2012-04-19		9578.68	9617.93	9565.83	9588.38	
2012-04-18		9594.30	9682.88	9594.30	9667.26	
2012-04-17		9476.15	9519.80	9455.32	9464.71	
2012-04-16		9522.70	9532.91	9464.49	9470.64	
2012-04-13		9613.19	9690.29	9603.97	9637.99	
2012-04-12		9486.19	9541.04	9449.49	9524.79	
2012-04-11		9398.60	9487.84	9388.14	9458.74	
2012-04-10		9583.36	9648.12	9509.72	9538.02	
2012-04-09		9565.31	9618.10	9535.33	9546.26	
2012-04-06		9710.25	9739.59	9659.16	9688.45	
2012-04-05		9737.50	9806.40	9692.70	9767.61	
2012-04-04		10045.88	10059.19	9819.99	9819.99	
2012-04-03		10082.21	10084.07	10040.99	10050.39	
2012-04-02		10161.72	10190.35	10109.87	10109.87	
2012-03-30		10089.10	10111.09	10033.19	10083.56	
2012-03-29		10134.78	10147.04	10084.77	10114.79	
2012-03-28		10153.51	10197.80	10124.28	10182.57	
2012-03-27		10152.90	10255.15	10152.25	10255.15	
2012-03-26		10040.10	10056.20	10016.05	10018.24	
2012-03-23		10014.87	10031.96	9999.37	10011.47	
2012-03-22		10055.16	10136.85	10052.50	10127.08	
2012-03-21		10100.87	10132.02	10073.90	10086.49	
2012-03-19		10150.85	10172.64	10134.48	10141.99	
2012-03-16		10110.57	10148.47	10090.09	10129.83	
2012-03-15		10115.40	10158.74	10077.55	10123.28	
2012-03-14		10064.12	10115.79	10050.52	10050.52	
2012-03-13		9921.25	10011.88	9888.30	9899.08	
2012-03-12		10015.92	10021.51	9889.86	9889.86	
2012-03-09		9911.07	10007.62	9853.18	9929.74	
2012-03-08		9674.94	9768.96	9659.15	9768.96	
2012-03-07		9509.10	9603.19	9509.10	9576.06	
2012-03-06		9704.61	9732.89	9602.84	9637.63	
2012-03-05		9756.98	9792.14	9673.75	9698.59	
2012-03-02		9797.05	9803.75	9729.24	9777.03	
2012-03-01		9771.34	9865.75	9666.02	9707.37	
2012-02-29		9771.62	9866.41	9706.22	9723.24	
2012-02-28		9567.12	9722.52	9528.77	9722.52	
2012-02-27		9726.20	9736.11	9628.25	9633.93	
2012-02-24		9594.85	9647.38	9576.21	9647.38	
2012-02-23		9549.77	9609.84	9513.65	9595.57	
2012-02-22		9459.74	9564.05	9442.58	9554.00	
2012-02-21		9458.68	9517.04	9440.41	9463.02	
2012-02-20		9534.03	9549.31	9462.67	9485.09	
2012-02-17		9371.12	9435.03	9369.25	9384.17	
2012-02-16		9232.38	9308.93	9214.23	9238.10	
2012-02-15		9108.84	9314.37	9107.68	9260.34	
2012-02-14		8978.72	9072.08	8972.74	9052.07	
2012-02-13		8954.03	9023.50	8948.54	8999.18	
2012-02-10		9010.53	9016.97	8947.17	8947.17	
2012-02-09		8996.13	9018.49	8942.87	9002.24	
2012-02-08		8971.88	9015.59	8956.78	9015.59	
2012-02-07		8904.16	8928.44	8887.19	8917.52	
2012-02-06		8939.99	8949.32	8916.94	8929.20	
2012-02-03		8849.17	8877.57	8825.98	8831.93	
2012-02-02		8865.28	8893.22	8849.25	8876.82	
2012-02-01		8789.06	8830.28	8780.10	8809.79	
2012-01-31		8781.44	8836.68	8776.65	8802.51	
2012-01-30		8803.79	8832.48	8774.23	8793.05	
2012-01-27		8851.02	8886.02	8810.89	8841.22	
2012-01-26		8890.49	8894.60	8834.93	8849.47	
2012-01-25		8842.01	8911.62	8816.09	8883.69	
2012-01-24		8815.36	8825.09	8768.51	8785.33	
2012-01-23		8753.91	8795.27	8744.54	8765.90	
2012-01-20		8751.18	8791.39	8725.32	8766.36	
2012-01-19		8596.68	8668.94	8596.68	8639.68	
2012-01-18		8458.29	8595.78	8446.09	8550.58	
2012-01-17		8420.12	8475.66	8413.22	8466.40	
2012-01-16		8409.79	8409.79	8352.23	8378.36	
2012-01-13		8471.10	8509.76	8458.68	8500.02	
2012-01-12		8423.10	8426.83	8360.33	8385.59	
2012-01-11		8440.96	8463.72	8426.03	8447.88	
2012-01-10		8422.99	8450.59	8405.18	8422.26	
2012-01-06		8488.98	8488.98	8349.33	8390.35	
2012-01-05		8515.66	8519.16	8481.83	8488.71	
2012-01-04		8549.54	8581.45	8547.70	8560.11	
2011-12-30		8434.90	8455.35	8415.56	8455.35	
2011-12-29		8367.71	8404.89	8330.87	8398.89	
2011-12-28		8426.09	8456.66	8414.90	8423.62	
2011-12-27		8443.00	8458.26	8428.53	8440.56	
2011-12-26		8504.46	8516.53	8477.37	8479.34	
2011-12-22		8429.54	8436.59	8383.96	8395.16	
2011-12-21		8442.74	8471.11	8440.89	8459.98	
2011-12-20		8318.03	8354.90	8317.73	8336.48	
2011-12-19		8363.39	8364.93	8272.26	8296.12	
2011-12-16		8416.21	8433.18	8390.98	8401.72	
2011-12-15		8449.05	8455.32	8374.25	8377.37	
2011-12-14		8513.77	8540.57	8486.37	8519.13	
2011-12-13		8535.52	8594.32	8518.80	8552.81	
2011-12-12		8652.98	8682.47	8633.35	8653.82	
2011-12-09		8521.33	8576.68	8503.03	8536.46	
2011-12-08		8664.35	8688.81	8625.19	8664.58	
2011-12-07		8629.19	8729.81	8614.21	8722.17	
2011-12-06		8644.97	8671.54	8571.09	8575.16	
2011-12-05		8697.78	8704.48	8668.04	8695.98	
2011-12-02		8603.23	8643.75	8591.93	8643.75	
2011-12-01		8581.20	8653.88	8577.09	8597.38	
2011-11-30		8407.63	8435.34	8361.69	8434.61	
2011-11-29		8371.01	8477.82	8351.38	8477.82	
2011-11-28		8269.91	8322.01	8259.71	8287.49	
2011-11-25		8138.19	8199.67	8135.79	8160.01	
2011-11-24		8189.42	8212.95	8157.39	8165.18	
2011-11-22		8263.86	8350.35	8261.01	8314.74	
2011-11-21		8349.05	8375.60	8343.93	8348.27	
2011-11-18		8374.16	8398.80	8359.60	8374.91	
2011-11-17		8421.88	8491.82	8400.22	8479.63	
2011-11-16		8546.75	8567.64	8459.30	8463.16	
2011-11-15		8546.99	8584.30	8527.63	8541.93	
2011-11-14		8631.28	8655.31	8595.43	8603.70	
2011-11-11		8545.92	8566.49	8485.77	8514.47	
2011-11-10		8597.28	8600.21	8500.67	8500.80	
2011-11-09		8724.60	8762.98	8678.78	8755.44	
2011-11-08		8744.36	8772.04	8644.00	8655.51	
2011-11-07		8771.82	8779.55	8741.25	8767.09	
2011-11-04		8761.27	8814.71	8729.08	8801.40	
2011-11-02		8719.92	8719.92	8640.42	8640.42	
2011-11-01		8880.75	8946.00	8831.69	8835.52	
2011-10-31		9011.18	9152.39	8988.39	8988.39	
2011-10-28		9059.04	9086.43	9003.09	9050.47	
2011-10-27		8779.40	8926.54	8731.77	8926.54	
2011-10-26		8673.85	8798.80	8642.56	8748.47	
2011-10-25		8866.43	8870.37	8755.38	8762.31	
2011-10-24		8764.92	8844.28	8762.02	8843.98	
2011-10-21		8679.04	8700.49	8652.26	8678.89	
2011-10-20		8733.60	8733.60	8672.21	8682.15	
2011-10-19		8808.25	8831.55	8745.36	8772.54	
2011-10-18		8758.74	8773.99	8727.39	8741.91	
2011-10-17		8881.44	8911.70	8856.58	8879.60	
2011-10-14		8782.91	8787.89	8733.71	8747.96	
2011-10-13		8832.81	8854.16	8808.73	8823.25	
2011-10-12		8719.67	8763.02	8689.38	8738.90	
2011-10-11		8733.54	8806.44	8725.62	8773.68	
2011-10-07		8593.22	8663.57	8589.36	8605.62	
2011-10-06		8463.83	8545.79	8463.83	8522.02	
2011-10-05		8491.43	8501.03	8343.01	8382.98	
2011-10-04		8426.39	8470.76	8359.24	8456.12	
2011-10-03		8567.98	8577.52	8455.67	8545.48	
2011-09-30		8713.91	8756.00	8653.62	8700.29	
2011-09-29		8527.64	8706.14	8501.42	8701.23	
2011-09-28		8607.92	8665.54	8595.85	8615.65	
2011-09-27		8496.33	8609.95	8479.05	8609.95	
2011-09-26		8547.62	8556.66	8359.70	8374.13	
2011-09-22		8643.02	8643.02	8545.46	8560.26	
2011-09-21		8717.00	8771.62	8707.16	8741.16	
2011-09-20		8763.61	8771.72	8704.23	8721.24	
2011-09-16		8785.28	8864.16	8774.16	8864.16	
2011-09-15		8645.38	8695.95	8634.02	8668.86	
2011-09-14		8623.55	8671.24	8499.34	8518.57	
2011-09-13		8588.74	8635.88	8549.06	8616.55	
2011-09-12		8578.71	8584.05	8520.97	8535.67	
2011-09-09		8739.49	8803.75	8726.25	8737.66	
2011-09-08		8863.24	8876.49	8757.58	8793.12	
2011-09-07		8723.05	8773.26	8702.78	8763.41	
2011-09-06		8687.11	8709.92	8588.34	8590.57	
2011-09-05		8828.46	8842.56	8757.18	8784.46	
2011-09-02		8980.56	9014.27	8914.65	8950.74	
2011-09-01		9017.01	9098.15	8998.01	9060.80	
2011-08-31		8938.31	8967.80	8905.52	8955.20	
2011-08-30		8958.50	8992.86	8935.85	8953.90	
2011-08-29		8802.25	8926.27	8751.29	8851.35	
2011-08-26		8746.77	8805.10	8742.46	8797.78	
2011-08-25		8748.01	8849.94	8741.74	8772.36	
2011-08-24		8812.16	8825.27	8620.89	8639.61	
2011-08-23		8703.31	8747.41	8630.49	8733.01	
2011-08-22		8686.91	8756.10	8619.21	8628.13	
2011-08-19		8771.70	8796.42	8707.47	8719.24	
2011-08-18		9043.18	9043.18	8931.25	8943.76	
2011-08-17		9047.89	9081.80	9003.70	9057.26	
2011-08-16		9135.06	9150.31	9072.53	9107.43	
2011-08-15		9082.53	9117.11	9032.84	9086.41	
2011-08-12		9064.17	9070.27	8926.89	8963.72	
2011-08-11		8876.54	8983.33	8832.42	8981.94	
2011-08-10		9110.81	9144.33	9021.36	9038.74	
2011-08-09		8911.80	8949.97	8656.79	8944.48	
2011-08-08		9169.67	9215.09	9057.29	9097.56	
2011-08-05		9469.16	9469.16	9264.09	9299.88	
2011-08-04		9685.50	9768.40	9615.35	9659.18	
2011-08-03		9705.02	9705.02	9610.38	9637.14	
2011-08-02		9872.17	9873.46	9822.30	9844.59	
2011-08-01		9907.04	10040.13	9906.17	9965.01	
2011-07-29		9866.82	9914.22	9824.34	9833.03	
2011-07-28		9936.97	9945.98	9853.85	9901.35	
2011-07-27		10048.34	10053.50	10009.37	10047.19	
2011-07-26		10078.48	10130.25	10043.99	10097.72	
2011-07-25		10080.82	10091.02	10039.10	10050.01	
2011-07-22		10096.89	10149.18	10076.53	10132.11	
2011-07-21		10019.94	10026.18	9974.00	10010.39	
2011-07-20		10008.00	10042.75	9986.33	10005.90	
2011-07-19		9921.50	9945.72	9889.72	9889.72	
2011-07-15		9919.59	9985.32	9919.10	9974.47	
2011-07-14		9929.18	9998.49	9884.00	9936.12	
2011-07-13		9891.11	9979.67	9887.33	9963.14	
2011-07-12		9943.32	9971.14	9907.81	9925.92	
2011-07-11		10069.01	10109.30	10057.77	10069.53	
2011-07-08		10205.71	10207.91	10126.47	10137.73	
2011-07-07		10047.15	10102.19	10029.33	10071.14	
2011-07-06		9987.25	10082.48	9967.87	10082.48	
2011-07-05		9959.39	9995.17	9948.38	9972.46	
2011-07-04		9980.16	10005.75	9940.47	9965.09	
2011-07-01		9878.69	9900.57	9849.64	9868.07	
2011-06-30		9838.09	9849.69	9785.89	9816.09	
2011-06-29		9767.91	9797.26	9734.66	9797.26	
2011-06-28		9668.01	9703.41	9632.54	9648.98	
2011-06-27		9633.92	9638.49	9570.58	9578.31	
2011-06-24		9626.43	9695.09	9609.24	9678.71	
2011-06-23		9557.72	9652.41	9553.30	9596.74	
2011-06-22		9525.25	9658.62	9525.25	9629.43	
2011-06-21		9420.43	9459.66	9378.36	9459.66	
2011-06-20		9383.24	9421.38	9346.76	9354.32	
2011-06-17		9443.32	9447.44	9318.62	9351.40	
2011-06-16		9478.63	9497.59	9411.28	9411.28	
2011-06-15		9589.54	9599.90	9520.93	9574.32	
2011-06-14		9446.84	9565.65	9438.41	9547.79	
2011-06-13		9405.16	9466.51	9391.26	9448.21	
2011-06-10		9536.84	9613.75	9493.05	9514.44	
2011-06-09		9411.71	9472.41	9383.12	9467.15	
2011-06-08		9428.62	9458.43	9394.74	9449.46	
2011-06-07		9371.21	9454.66	9358.31	9442.95	
2011-06-06		9467.37	9490.55	9359.78	9380.35	
2011-06-03		9550.59	9603.03	9490.68	9492.21	
2011-06-02		9560.63	9575.01	9517.28	9555.04	
2011-06-01		9708.05	9720.73	9659.31	9719.61	
2011-05-31		9500.60	9697.35	9497.40	9693.73	
2011-05-30		9489.78	9540.02	9448.00	9504.97	
2011-05-27		9514.16	9588.70	9493.44	9521.94	
2011-05-26		9499.45	9567.46	9489.12	9562.05	
2011-05-25		9492.43	9503.77	9415.33	9422.88	
2011-05-24		9406.04	9490.35	9406.04	9477.17	
2011-05-23		9547.86	9547.86	9437.87	9460.63	
2011-05-20		9612.87	9670.92	9600.48	9607.08	
2011-05-19		9711.32	9731.12	9600.81	9620.82	
2011-05-18		9602.88	9693.60	9590.40	9662.08	
2011-05-17		9513.50	9593.13	9502.39	9567.02	
2011-05-16		9571.13	9598.33	9552.86	9558.30	
2011-05-13		9751.45	9751.45	9552.93	9648.77	
2011-05-12		9770.71	9836.71	9716.65	9716.65	
2011-05-11		9912.48	9929.04	9842.67	9864.26	
2011-05-10		9804.27	9853.13	9755.93	9818.76	
2011-05-09		9881.67	9897.88	9776.74	9794.38	
2011-05-06		9851.15	9876.10	9782.66	9859.20	
2011-05-02		9964.39	10017.47	9936.27	10004.20	
2011-04-28		9749.36	9849.74	9712.58	9849.74	
2011-04-27		9631.53	9728.03	9630.37	9691.84	
2011-04-26		9627.43	9627.43	9536.51	9558.69	
2011-04-25		9705.90	9748.40	9657.24	9671.96	
2011-04-22		9623.00	9732.63	9611.38	9682.21	
2011-04-21		9686.27	9725.12	9643.92	9685.77	
2011-04-20		9536.79	9631.00	9519.36	9606.82	
2011-04-19		9448.65	9478.87	9405.19	9441.03	
2011-04-18		9593.41	9608.92	9539.03	9556.65	
2011-04-15		9646.22	9651.96	9577.96	9591.52	
2011-04-14		9579.79	9676.97	9553.75	9653.92	
2011-04-13		9516.50	9655.83	9516.50	9641.18	
2011-04-12		9603.50	9603.64	9513.27	9555.26	
2011-04-11		9731.32	9775.60	9700.75	9719.70	
2011-04-08		9586.17	9804.28	9536.68	9768.08	
2011-04-07		9652.65	9687.18	9578.47	9590.93	
2011-04-06		9668.11	9671.46	9562.16	9584.37	
2011-04-05		9732.26	9732.26	9566.05	9615.55	
2011-04-04		9773.91	9808.60	9718.89	9718.89	
2011-04-01		9757.28	9822.06	9698.60	9708.39	
2011-03-31		9765.28	9765.81	9658.64	9755.10	
2011-03-30		9489.51	9708.79	9479.03	9708.79	
2011-03-29		9348.60	9502.23	9317.38	9459.08	
2011-03-28		9541.76	9541.76	9405.20	9478.53	
2011-03-25		9565.49	9569.71	9469.37	9536.13	
2011-03-24		9479.77	9509.85	9418.71	9435.01	
2011-03-23		9590.38	9592.40	9387.95	9449.47	
2011-03-22		9403.05	9625.03	9395.85	9608.32	
2011-03-18		9083.95	9275.60	9073.25	9206.75	
2011-03-17		8913.35	9093.61	8639.56	8962.67	
2011-03-16		8767.20	9168.51	8763.95	9093.72	
2011-03-15		9441.66	9441.66	8227.63	8605.15	
2011-03-14		10044.17	10049.92	9578.65	9620.49	
2011-03-11		10298.64	10378.55	10254.43	10254.43	
2011-03-10		10544.13	10549.17	10410.10	10434.38	
2011-03-09		10607.23	10662.07	10563.82	10589.50	
2011-03-08		10513.08	10565.10	10509.23	10525.19	
2011-03-07		10626.97	10626.97	10472.51	10505.02	
2011-03-04		10730.91	10768.43	10664.37	10693.66	
2011-03-03		10529.77	10593.34	10522.40	10586.02	
2011-03-02		10609.28	10629.50	10492.38	10492.38	
2011-03-01		10676.24	10754.03	10672.91	10754.03	
2011-02-28		10504.54	10628.76	10448.83	10624.09	
2011-02-25		10475.78	10532.21	10454.46	10526.76	
2011-02-24		10533.20	10542.70	10428.38	10452.71	
2011-02-23		10588.82	10666.72	10569.93	10579.10	
2011-02-22		10745.52	10761.22	10639.78	10664.70	
2011-02-21		10820.78	10859.39	10789.41	10857.53	
2011-02-18		10829.15	10862.43	10810.12	10842.80	
2011-02-17		10882.91	10891.60	10820.48	10836.64	
2011-02-16		10758.86	10842.31	10752.61	10808.29	
2011-02-15		10738.81	10760.99	10712.49	10746.67	
2011-02-14		10689.65	10725.54	10674.44	10725.54	
2011-02-10		10574.80	10631.94	10570.62	10605.65	
2011-02-09		10686.72	10701.92	10599.50	10617.83	
2011-02-08		10645.03	10648.80	10623.70	10635.98	
2011-02-07		10641.30	10644.21	10572.72	10592.04	
2011-02-04		10526.39	10580.36	10524.13	10543.52	
2011-02-03		10424.68	10450.46	10409.84	10431.36	
2011-02-02		10368.48	10479.75	10366.96	10457.36	
2011-02-01		10281.55	10299.38	10245.75	10274.50	
2011-01-31		10219.98	10265.96	10182.57	10237.92	
2011-01-28		10460.29	10480.08	10332.65	10360.34	
2011-01-27		10466.34	10496.40	10421.75	10478.66	
2011-01-26		10410.29	10440.35	10392.46	10401.90	
2011-01-25		10374.64	10480.24	10355.80	10464.42	
2011-01-24		10318.60	10347.94	10278.81	10345.11	
2011-01-21		10459.04	10461.07	10257.99	10274.52	
2011-01-20		10492.32	10505.63	10421.83	10437.31	
2011-01-19		10567.88	10580.68	10534.02	10557.10	
2011-01-18		10461.04	10548.21	10456.71	10518.98	
2011-01-17		10562.09	10562.39	10482.69	10502.86	
2011-01-14		10502.77	10579.97	10497.26	10499.04	
2011-01-13		10593.46	10620.57	10565.28	10589.76	
2011-01-12		10562.28	10576.51	10502.96	10512.80	
2011-01-11		10484.62	10538.39	10476.29	10510.68	
2011-01-07		10506.72	10550.71	10503.02	10541.04	
2011-01-06		10477.52	10530.11	10477.52	10529.76	
2011-01-05		10387.95	10413.45	10358.01	10380.77	
2011-01-04		10352.19	10409.17	10321.28	10398.10	
